,ratings,reviews,label,label_t
0,5,사용시간이 상당히 길어진 느낌입니다이어폰 본체와 충전케이스 모두 배터리 용량이 증가해서 체감으로는 많이 증가한 느낌이네요갤럭시폰노트10와 버즈의 조합이다보니삼성 워어러블 어플로 부가 기능을 쓸수 있어 편한 점이 많네요이전 버전의 가장 단점인 통화음질인데플러스버전에서는 많이 겨선되었는지착용하며 통화할때 상대방이 크게 불편해하지 않네요지금보다 좀 더 으로 사전구매해서한달 좀 넘게 사용중인데 저가형 무선이어폰을 안 사고버즈를 사길 참 잘했다는 생각입니다단점이라면 착용할때 터치패드를 터치하게되는데그게 싫어서 터치패드를 잠그면사용중 터치 기능을 못쓰고 다시 터치기능을 사용하려면다시 웨어러블 어플로 들어가야하네요터치패드 길게 누를때의 기능이빅스비 주변소리듣기 음량조절 메론밖에 없는데터치패드 잠김도 추가되면사용자별로 본인에게 맞는걸 선택할수 있게하면 좋겠다는 생각입니다,1,
1,5,배송이 진짜 빠르고 상품도 안전하게 잘 왔어요 주변 소리도 인지가 가능하고 차가 오는것도 캐치가 잘 되더라구요 지하철 타면서 역 놓치는것도 없이요에어팟은 전부터 사고 싶었지만 너무 비싸기도해서 손가락만 빨았는데 마침 세일도 해서 바로 질렀는데 가격값을 하더군요무엇보다도 귓구멍에 맞게끔 사이즈별로 예비 고무막도 줘서 좋았습니다 게다가 노래소리도 엄청 선명하고 깔끔해서 좋았습니다혹여 과방전은 아닐까 했는데 그런것도 없고 설치하라는 다운받아야하는 앱도 앞글자만 적어도 바로 나오더라구요 그뒤엔 다운만 받으면 알아서 잘 해줘서 상당히 편했습니다꼭 갖고 싶었는데 정품을 이 가격에 살 줄은 상상도 못했는데 덕분에 좋은 혜자템 얻었습니다 좋은 물건 팔아주셔서 정말 감사하구요앞으로도 번창하세요~~~~~~~,1,
2,5, 내돈내산 내 인생 첫번째 블루투스 이어폰 취준생기간이 길어서 블루투스 이어폰은 꿈에도 못꿨습니다친누나가 선물이랍시고 본인이 쓰던 고장난 에어팟을 줬지만제 핸드폰은 갤럭시고 이미 고장난 에어팟이었기에 쓸모가 없었어요유선이어폰을 끼고 자전거를 타다가 바퀴에 말려들어가핸드폰이 날라가고 사고가 날뻔한 적도 BMW를 박을 뻔 한적도있었네요 처지가 비참해서 길에서 펑펑 울었습니다쓸데 없는 얘기가 길었네요그래서 더 뜻깊게 구매한 이어폰입니다 배송도 잘왔고이제는 인이어이어폰블루투스 이어폰을 다 갖게되었네요삼성핸드폰과의 호환도 너무 잘되고 좋네요코덱을 AAC로 변경해서 쓰고있구요 제조년월도 202011 입니다저는 과방전되어 페어링이 한쪽이 안되는 상황도 없었구요둘 다 다만 기계인데 비해 에어캡포장이 빈약하기는 했구요좀 찝찝했던게 니트릴 장갑같은거를 안쓰시는 듯합니다케이스 홀로그램 부분에 지문이 진하게 찍혀있었습니다,1,
3,4,아빠 생신 선물로 샀어요 블루투스 이어폰 필요하다면서 제거 버즈 탐내길래 플러스로 새거 하나 샀는데 블루색상 너무 예쁘네요 아빠가 제주도에 있어 2주 후에나 테더링 확인할 수 있을 것 같아요 일단 사진을 보내줬는데 만족하고계세요,1,
4,5,배송도 빠르고 제조연월도 20년 8월이더라구요처음에 열었을 때 탭에 바로 연결됐는데 폰에 다시 연결하려니까 안 되더라고요 그래서 불량인가 했는데터치패드 꾹 누르니까 블루투스에 버즈가 떠서 연결 잘 했습니다다행히 제 거는 방전은 안 됐고 양쪽 다 60퍼 정도였습니다 근데 자력이 원래 좀 약한 건지 뺐다가 케이스에 다시 꽂을 때 챡 달라붙진 않았어요 그치만 사용하는데 불편하진 않을 것 같아서 별은 안 뺐습니다감사합니다 ,1,
5,5,유선블투 이어폰이 문득 불편해질 때즈음 지인이 쓰는거보고 한번 테스트후 고민끝에 질렀습니다 원래는 닥터드레 사려고 했는데 귀에 거는 타입이라 마스크 끈에 걸려 불편할것 같아서고민은 배송만 늦출뿐배송은 어찌나 빠르던지 네이버알림에는 아직도 배송중인데 전 이미 받았네요 귓구녕에 끼는게 익숙하지 않지만 계속 쓰다보면 잘 맞는 위치를 찾을 수 있겠죠 이어폰은 늘 검은색쓰다가 하얀색으로 사봤는데 이쁘네요 왜 고민했을까요 고민은 배송만 늦출뿐케이스 뚜껑 열자마자 바로 연결되고 너무좋아요 이번달 제조제품을 받아 기쁩니다 돈값하네요 생각해보면 거의 블투스피커와 맞먹는 가격이지만산책할때 마스크쓸때패딩모자 쓸 때 등등 더이상 줄걸림에 연연하지 않아도 된다는 것이 제일 좋아요 소음차단도 기존에 쓰던것보다 좋은것 같아요 오디오테크니카 것도 괜찮았는데 바깥소리는 버즈가 착용했을 때 덜 들렸어요 노이즈캔슬링 기능있는 걸 살까했는데 가격이 좀 더 내려가면 사는걸로4년전 akg 노캔헤드폰 썼을 때 노캔기능 많이 써먹었거든요 이젠 삼성과 Akg라니ㅠㅠ잘쓸게요,1,
6,1,물건 받자마자 설레임으로 언박싱하며 영롱함에 감탄사를오~~~그리고 바로 페어링 시도두쪽 모두 먹통설명서 인터넷 보고 해결시도 실패결국 같은거 쓰고있는 큰아들버즈라이브 쓰고있는 작아들 모두모여 도전~~~그러나결코 폰은 버즈플러스를 받아들이지 못함요ㅠㅠ다음날 구매처 전화했더니 불량일 가능성이 있으니 센터가서 불량 확인되면 바로 교환해 줄꺼라고헐물건만 팔고 문제는 직접해결해라상담시반품하고 다시 보내면 시간이 걸릴수 있으니 바로 센터가는게 빠를수 있다는 말 한마디만 들었어도기분이 그리 나쁘진 않았을 텐데요결론은 크레들 펌웨어 업데이트 작업을 해야한다고해서 30분정도 기다린 후 조치받고 왔지만암튼 이런 구매는 첨이네요,0,
7,5,좋은 물품 잘 받았습니다 판매자님 사정으로 발송이 하루 늦게 보내주셨지만 판매자님이 직접 연락주시고 설명해주셔서 충분히 납득 가능하였습니다 다시 한번 미리 알려주셔서 감사합니다포장은 사진에서 보이듯 꼼꼼히 잘 포장 되어왔습니다이어폰은 사진에서 보는 그대로 입니다 연결도 잘되고 음질도 좋습니다 제가 받은 물품 제조월은 21년 1월 이였습니다여기 판매자님 추천합니다 좋은 물품 감사합니다~ ,1,
8,5,기대이상입니다 너무 좋습니다 배송 드립 치는 사람은 배송사에 따져야지 왜 업체에다 따지는 지 모르겠습니다 머리에 든게 없어서 그런 댓글 다는지도 너무 우습네요 참나 아무튼 굉장히 만족합니다 이어폰 끼면서도 너무 편했고 그전에 저가형 이어폰 쓰다가 넘어오니 대화할때 뺄필요도 없는 점이 가장 마음에 듭니다 제 목소리가 들리는 것도 참 신기했고요 통화품질 또한 뛰어난 점이 좋습니다 이어폰을 사용하니 평소에 쓸 필요도 없던 빅스비도 쓰게되네요 아주 좋습니다단점은 딱히 모르겠습니다 귀가 저에겐 아프지도 않고 음질 드립도 저에겐 딱히 필요없습니다 일하면서 쓸 생각이라서요 배터리도 오래가는 것 같습니다 노이즈 캔슬링 없다고 아쉬워하는 사람들 많은데 그 기능 생각보다 불편합니다 위험하기도 하고요 그리고 딱히 필요성을 못느끼겠네요 주변 소음 듣기 모드 생각보다 신세계입니다 제가 다른 이어폰을 안써보긴 했지만 마르고 닳도록 이용할 계획입니다 감사합니다,1,
9,5,어제 도착해서 바로 페어링하고 음악들었는데 작동 잘되서 좋네요 원래 에어팟쓰다가 점점 배터리가 30분정도 밖에 안가서 밖에서만 쓰려고 저렴한 펜톤으로 바꿨었는데 몇달쓰다가 바닥에 떨궜더니 쪼개져서 가격도 적당하고 품질도 괜찮아 보이는 버즈 플러스로 구매하였습니다 우선 저는 배터리 하나만 보고 고른건데 그부분은 당연 마음에 들고 착용감도 괜찮네요 착용감 만족도는 에어팟버즈펜톤순입니다 에어팟은 아예 착용안한 느낌 버즈는 오래껴도 불편함은 없음 펜톤은 오래끼면 좀 아픔 그리고 음질은 적당하니 이만하면 좋다고 말할 수준이고 펜톤은 음악정지버튼이 너무커서 손이 스치기만 해도 꺼지는데 버즈는 버튼부분은 상대적으로 작어서 컨트롤이 잘 됩니다 사실 사무실에서 몰래끼고 있으려고 블랙을 고르려고 했으나 화이트의 오로라화이트로 결정했는데 ,1,
10,5,제품은 잘 받았습니다참 많은 고민을 하고 결정했습니다선이 없으니 잘 잊어먹을거 같다는 생각에 저렴한걸 찾아보니 3만원대 가성비 좋다는 제품도 있었는데 혹시나 하는 마음에 장기적으로 보고 사자 하는 마음에 결정을 했고 쓰는 폰이 갤럭시10여서 버즈로 결정을 한것도 있습니다몇일 사용을 해보니 제 기준에서 불편한 점은첫째 오른쪽 왼쪽 표시가 좀더 잘 보였으면 좋겠다는 생각을 했습니다 RL 표시가 색이 있다거나 둘째는 마스크를 쓰고 벗다가 조금만 스쳐도 외부소리는 켜봤는데 저에게는 넘 이질감이 있어서 없는 기능이다 생각하고 쓰려구요 그리고 통화를 많이 하는 편은 아니지만 수신음은 잘 들리구요 송신음은 불편하거나 잘 안들린다는 말은 아직 안들어 봤네요유선이어폰을 쓰다 첨 쓰면 당연 편리함은 이루 말할수가 없죠잔고장 없이 오래 잘 썼으면 하는 마음 입니다,1,
11,5,블루투스 커널형 이어폰중에는 가장 좋지 않나 싶어요아무래도 이어폰을 청소해줘야된다거나 오래 착용하고있으면 귀가 약간 아프다거나 하는 커널형만의 단점이 있지만 이런 어쩔수 없는 점들을 제외하면 딱히 불편한점은 없었습니다전에 사용한 갤럭시버즈와 비교하자면 배터리도 더 오래가구요 음질도 나아졌어요 음질은 관련 전공가가 아니라 자세하게 이야기는 힘들겠지만 소리가 조금 더 선명해지고 들을 수 있는 범위가 넓어진 느낌입니다 클래식이나 큰 편성의 곡을 좋아하는데 전작 대비 뭉개지는 소리가 적어진 느낌이 있어요~ 해상도가 좋아졌다고 해야될까요 전작과 소리 색깔이 바뀐 느낌도 있어요 저는 플러스 쪽이 조금 더  아무래도 생각합니다아무튼 잘 사용하고있구요 비슷한시기 갤럭시 라이브가 나와서 약간 후회할뻔했는데 아무래도 여기저기 대중교통으로 돌아다니거나 운동할때 착용하는 제 루틴으로 봤을때는 커널형이 맞는 것 같아서요 사용중입니다~구매 고민하시는분들께 조금이나마 도움이 됐으면 좋겠네요?,1,
12,5,갤럭시 버즈 라이브를 구매했지만 도저히 아니다 싶어서중고로 판매하고 결국에는 버즈 플러스를 새로 구매했습니다3월 생산품이고 왼쪽이 과방전 상태였으나 검색해서 금방 해결했습니다과방전은 갤럭시 버즈의 고질적인 패시브 스킬기존에 갤럭시 버즈를 1년5개월 정도 사용했었고개인적으로는 체감한 음질향상이 30정도 되는것 같습니다케이스와 철가루방지스티커 까지 장착해서 아이언맨으로 깔맞춤 했습니다,1,
13,4,블루 하려다 핑크 했는데 나쁘지 않습니다 하지만 다시 산다면 블루를 살거같아요 그리고 저도 초기불량 걸렸네요 한쪽이 인식이 안됩니다 다음주에 섭센 가서 교체받으려구요ㅠㅠ 스샷은 업로드 안되는거 처음알았네요 웨어러블 어플에서 인식 안되는 애는 그냥 회색으로 뜨고 소프트웨어 업데이트가 안되네요 둘다 연결되어야 한대요씰링 스티커도 잘 붙어있고 케이블도 잘 감겨있어서 정품이 맞구나 하고 감동받고 있습니다 케이스 오기 전까지는 사은품으로 온 투명케이스 잘 쓰겠습니다 추가 섭센 다녀왔는데 버즈 케이스에 이어버드가 완전 방전되었을때 충전하는 모듈이 없어서 그렇다고 합니다 설치받고 잘 쓰고 있습니다,1,
14,5,처음 받았을 때 상자 모퉁이가 찌그러져있어서 놀랐어요다행히 내용물은 이상이 없습니다구성품  케이스이어폰 폼팁충전선하루 사용후기   주변소리 듣기 기능  사기 전에 주변소리 듣기 기능을 사용하면 바람소리가 심하다는 후기들이 많아서 걱정했습니다근데 비닐 부스럭거리는 소리가 원래 소리보다 크게 들리는 정도 였습니다 거슬릴 정도는 아니었어요 통화기능  집오는 길에 버스에서 통화를 해봤는데 상대방이 아무런 문제를 느끼지 못했습니다,1,
15,5,9월 8일 주문했는데 10일에 도착했네요대체적으로 배송은 빠른것 같아요그리고 후기에 이어폰 배터리 방전 이야기가 많던데 제가 받은 물건은 사장님이 일부러 가득 충전해서 보냈는지 받으니까 배터리가 양쪽다 60프로 이상 남아있었어요 세심하게 신경쓰신게 느껴지네요실물은 사진으로 보이는 것보다 더 예뻐요 ,1,
16,2,2월 제조품이라 혹시나했는데 역시나 우측 이어버드 연결이 안돼요심지어 좌측 이어버드에도 뭐가 껴있고 충전케이스 오른쪽에는 머리카락캍은게 아예 이음새에 껴있어서 빠지지도 않아요ㅋㅋㅋ 새제품인데 뭐가 이렇게 껴있고 지저분한지ㅜㅜ버즈플러스 출시때 여기서 사고 가족주고서 버즈라이브는 귀에 안 맞아서 버플로 또 사려고 한건데 양품을 못 받다니인터넷 방법 찾아보고 안 되면 다음주에나 서비스센터 가야겠어요ㅠㅠ제조일 구분해서 보내주시진 않으니까 구매전이시라면 문제있는 2월생산분 받을 수도 있고 그럼 인터넷으로 해결법 찾아다니거나 삼성서비스센터 직접 방문 해야한다는 거 염두에 두고 구매하시면 좋을 것 같아요,0,
17,4,너무 만족스럽니다 일단 하자없이 잘 왔구요~ 넥 블루투스이어폰 사용하다가 에어팟이나 버즈가 나오는 바람에 뭔가 사용하기 그래서 유선 이어폰을 사용하고 있었습니다 ㅋ 그런데 핸드폰 꺼내고 할 때마다 너무 걸리적거려서 불편했는데~ 버즈플러스 사고 나서 너무너무 잘 샀다는 생각을 하루에도 몇번이나 하네요 제 차량에 블루투스가 안돼서 운전할 때 전화오면 통화하기도 좋습니다 그러고 한쪽만 끼고 통화를 해봐도 상대방이 통화하는데 문제 없이 잘 들린다고 하네요~ 주변소리듣기 기능이 있어서 걸어가거나 운전 중일 때 이어폰을 사용해도 주변인지하는데 문제가 없습니다 음질도 완전 막귀는 아닌데 이어폰이 이 정도면 저음도 좋고 이퀄라이저 선택이 다양해서 좋고~ 풍성함으로 들을 때 간혹 음악따라 좀 찢어지는 느낌이 있지만 그럴 땐 부드러움으로 바꾸면 또 괜찮으니~ 음악에 따라 쉽게쉽게 조절도 되고 암튼   버즈 생각없던 친구한테도 느껴보라고 오늘 하나 더 주문하려고 합니다  고민하지 마시고 꼭 사세요~ ,1,
18,5,주변 사람들이 왜 갤럭시버즈플러스를 추천하는지이제야 알겠네요이렇게 좋은건지 알았으면 더 미리구매하는건데ㅎㅎ지금이라도 사용하게 되어서너무 만족하고 앞으로 잘 쓰겠습니다구매장점1신속한 배송실제로 24시간도 안걸림2안전한 포장상태3다양한 기능과 음질4부가 구성품더 많은 장점이 있으니 직접 써 보시길 추천드립니다또한 상품에 대한 자세한 설명은 사진에 첨부하여올렸으니 구매 고민하시는 분들은 참고하여 구매하시길 바랍니다 감사합니다~,1,
19,3,배송은 주문 다음 날 받았구요 9월 제조 제품입니다비싼 이어폰 쓰기전에 무선이어폰을 사용하는 게 어떤지 분실 위험은 잦은지 등등 경험해 보려고 2만원대의 qcy제품 사용 시작한 게 벌써 일 년이 됐네요 버즈를 살까 더 질러서 에어팟을 살까 고민만 하던 중 버즈 라이브가 나오면서 디자인에 반해 좀만 더 고민해 보고 사자했던게 11월이나 돼서 구매하게 됐네요진짜 일년 내내 고민만 함우선 노캔은 전혀 느끼질 못 하겠어요 머리 말리느라고 약하게 켜놓은 선풍기 소리도 못 막아주는데 오늘 출근하는데 버스소리를 잡아줬겠어요 볼륨을 최대치로 하고 들어야 음악이 들리더라구요 얘기가 왤케 주저리 주저리냐 저 2만원짜리 저렴이 qcy 이어폰보다 잘 안 들린다구요ㅠ 커널형만 쓰다 갑자기 오픈형 써서 그런지 영 만족스럽지가 못 하네요 조용한데서 들어도 오픈형은 커널형을 따라오질 못 하는 거 같네요그리고 착용이 애매하다 보니 중간에 자리 다시 잡으려고 건들면 음악 꺼지거나 담 노래로 넘어가거나 난리내요 이건 익숙해지면 괜찮겠지만  이게 다에요 이럴 줄 알았음 걍 버즈 플러스 살 걸 쫌 후회하는 중이에요,1,
20,4,삼일째 사용중이에요 소음이나 잡음없이 만족하며 사용중이에요 귀에 꽂았을 때 작지 않은 느낌 흰색이 튀어 보이는 느낌은 그냥 저의 기분탓일거에요 다른 후기에서 다들 언급했듯이 케이스 열자마자 블루투스 잡고 어플 깔고 혼자 잘 하네요ㅎ 터치에 너무 예민해서 잘못 눌리는 경우 많고요 사용법 어렵지 않았어요 다만 제가 느낀 불편한 귀에 어떻게 끼워야 맞는 건지 좀 헤맸었어요 첨엔 거울보고 이리저리 조금씩 돌려가며 모양을 맞춰보기도 했는데 이틀정도 사용하다보니 뾰족한 날개가 위쪽으로 가도록 해서 끼우면 아귀가 맞는 느낌이 들더라고요 그렇게 끼워지면 음질 확실히 좋게 들려요 주변소리 들어오긴 해서 따로 설정 안하고 사용중입니다,1,
21,5,오늘 받고 바로 까보았어요갤럭시 버즈 플러스 하얀색 입니다좋은 점은 완전 하얀색 인줄 알았는데 가운데 부분이 약간 상아색 이 연하게 들어가서 깔끔함이 더 묻어나오는 듯 합니다개취일 수도 있지만 완전 올흰색보다 이게 더 깔끔한 디자인으로 생각해요구성품은 메뉴얼이 뚜껑에 붙어있어서 나중에 확인 했지만이어피스 4개  인지 정확히 모르겠네요보통 본품만 쓰지 부속품은 잘 안쓰는 편이라귓구멍에 꼽았는데 딴딴하니 잘 꼽혀요제 폰 갤노트9 에 블루스트 연결을 하니 관련 어플이 자동 실행 되고 설정이 되는 듯 합니다음악을 틀었는데 저는 보통 자동차 안에서 듣는 음악을 좋아하는데 이거로 들으니 음감이 훨씬 나아요막귀 입니다그동안 제 차의 사운드가 정말 후진거라 느끼게 되네요이어폰이나 해드셋은 정말 안쓰는 스타일이라 주 용도는 업무중 핸즈프리나 집에서 조용히 컴퓨터 할 때 강의 들을 때회사에서 사운드를 들을 일이 있을때 등으로 쓰려고 샀어요저는 도보 이동중에 사용하려고 산 용도는 아니지요PC용 동글이도 집에 사무실에 하나씩 2개를 사두었고 사무실에서는 특정 강의업무용을 무엇보다 아직 통화나 메뉴얼 등은 제대로 숙지를 못했기에 사용에 익숙하게 적응좀 해야 겠습니다뚜껑 여는게 에어팟의 자성 강한 느낌이랑 틀리는게 에어팟느낌이 더 좋다고 느낍니다저는 에어팟을 안쓰지만 옆에 쓰는 걸로 열어보기만 했어요음질이 차이나는지는 모르겠지만앞서 저는 막귀 이기 때문에 이정도 사운드는 훌륭 하다고 느낍니다,1,
22,5,리뷰보니까 한 쪽 안들린다 길래 걱정 했는데 다행히 잘들려요 주변소리듣기 기능도 있어서 좋습니다 본체 충전 량도 떠서 좋아요 착용감도 최고에요 꽉 들어가게 하면 안 빠지는데 시간 지나면 아파요 그래도 앞으로 잘 사용 하겠습니다 ,1,
23,5,무선 이어폰은 처음이라 충전해서 사용하는것이 귀찮을것 같았는데 막상 사용 해 보니 이제는 유선 이어폰은 그림자도 안볼것 같아요 1회 충전에 매일 운동하며 2시간씩 사용하니 최대 45일 정도를 한번 충전만으로 사용했어요 이어폰과 케이스가 각각 충전 되니 케이스는 보조베터리 같은 역할인것 같아요 갤럭시 버즈 사용하길 정말 잘한것 같습니다 너무 좋아요,1,
24,5,아버지한테 어버이날 기념해서 사드렸는데 너무 좋아하시고 잘 사용하세요 저도 이거 분홍색으로 가지고있는데 확실히 상대적으로 저렴하고 가볍고 충전 한번 하면 오래가서 너무너무 잘 쓰고 있어용 제품도 하자 없이 잘 왔구 배송도 이틀만에 왔습니당 감사합니당,1,
25,5,1 내부 포장 및 배송 사진으로 보시다시피 제품 포장 자체는 달라진 점이 거의 없습니다 버즈와 동일한 구성입니다 배송 포장은 에어캡 없이 박스에 제품박스가 담겨져 왔습니다 물건이 워낙 가벼우니 별 문제 없겠지만 조금 아쉬운 부분입니다 그래도 정가로 17만원 이상하는 제품인데 안전 포장이 필요해 보입니다2 디자인 케이스 크기와 모양이 전혀 바뀌지 않았기에 기존 버즈의 커버를 그대로 사용할 수 있습니다 버즈에 비해 글로시한 소재로 바뀌었기 때문에 케이스와 이어폰에 지문이 선명하게 남습니다 이 부분 때문에 이어폰은 몰라도 보관케이스는 커버가 필수로 보입니다 바로 집에 있는 케이스를 장착3 실사용 느낌 첫 번째 케이스 마그네틱의 강도가 세졌습니다 이건 확실히 느껴지네요 이어폰 충전 부분이 좀더 깊이 들어갔습니다 이 것도 사진으로 찍었어야 했는데 사용하다 보니 알게 되었습니다 음악을 들으면서 기존 버즈 대비 확연하게 좋아졌다고 느끼기엔 조금 애매했습니다 오디오 전문가가 아니라 일반인의 입장에서 보면 크게 차이 나는 부분은 없었습니다 단지 웨어러블 소프트를 통해 자체 이퀄라이져를 만져 주면 좀더 풍성한 소리를 들을 수 있습니다 버즈 에서 자체 제공해 주는 이퀄라이져라 소프트웨어로 이퀄라이져를 만져주면 버즈 보다는 풍성한 소리가 들림  저는 확실히 좋아진 거 같았어요 친구랑 테스트를 위해 통화를 했는데 확실히 또렷하게 들린다고 하더군요 기존 버즈 끼고 통화하면 블루투스 통화라는 게 확 티가 났는데4 편의 기타 주변 소리 듣기가 토글로 바뀌었습니다 그리고 웨어러블 SW에서 3단계 조절이 가능해 졌습니다 기존에는 길게 누르고 있다가 손을 떼면 바로 주변소리 듣기 통화 중 주변 소리 듣기 기능도 생겼네요 이건 SW 업데이트로 인한 기능인지 버즈 고유 기능인지 잘 모르겠군요5 총평 청음 보다는 통화에 좀더 집중해서 업데이트 한 느낌이 납니다 그리고 배터리 사용시간이 늘어난 것 체감이 되네요 기존 버즈도 사용했기 때문에 버즈 로 바로 업데이트 했습니다전 통화보다 음악을 많이 듣기 때문에 음향 쪽으로 좀 더 발전이 있기를 바랬는데 버즈 대비 확 와 닿는 부분은 없었습니다그래도 버즈에 비해 편의사양이 크게 개선 되어 나와서~ ,1,
26,4,갤럭시 버즈 플러스  화이트 구매갤럭시 노트 10을 사용중인 사람으로서 갤럭시와의 연동이 가장 좋은 삼성에서 출시한 갤럭시 버즈 플러스를 구매했어요 버즈를 가지고 있지는 않았고 노트 10을 버즈 출시 이후에 구매해서 버즈 플러스를 구매했어요일단 저는 음악을 주로 많이 듣는 사람이에요 음악을 많이 듣기는 하지만 음악 감상에 있어서 특별히 민감하거나 예민하지는 않은 편이에요제가 한 2주정도 꾸준히 써보고 느끼게 된 부분을 정리해서 말씀드릴게요음질양쪽의 밸런스가 딱 적당하다는 느낌을 받았어요  저음 고음 무엇 하나 뚜렷하다기 보다는 적당해서호불호 없이 사용가능한 제품인 듯 했어요 원하신다면 조금 전 불만없이 사용중이예요통화통화할 때 사용해봤는데 버즈를 사용해보지 않아서 얼마나 좋아졌는지는 모르겠는데 일단은 저는 그냥저냥 통화할 때 불편한 점은 없었는데 상대방은 잘 안들리고 끊긴다고 하더라고요 특히 사람 많은 대중교통 쪽이나 바람이 세차게 부는 쪽에서는 유난히 추가로 느껴진 단점바람소리가 장난아닙니다 정말로 바람소리를 직격타 맞는 듯한 느낌이라고 하면 맞을 것 같아요외부쪽에도 마이크가 있어서인지 바람소리 정말 잘 들려요 예민하시면 이 부분 참고하셔야 할 듯 싶어요배터리 일반적으로 1~2시간의 잦은 외출일때에는 거의 배터리 걱정을 안하고하루 정도 오전 9시 이후 부터 오후 6~7시까지 사용할때에는 10 정도 남아있어서 꽤 길다고 느꼈어요또한 또 가장 좋은 점은 케이스를 열면 양쪽 버즈  케이스 배터리 잔량을 알 수 있다는 거에요따로 들어가서 확인하지 않아도 나오다보니 배터리 걱정이 확실히 줄어들더라고요ㅠㅠ 추가적으로 C타입이다보니 갤럭시 노트 10 사용중 폰과 연동해서 충전도 편하고 무선 충전도 되며 제가 사용하면서 마음에 들었던 부분 중 하나는가장자리를 두드리면 게 너무 편했어요 굳이 핸드폰으로 조절하지 않아도 사용할 수 있어서 밝은 노래를 듣다가 발라드를 들을때  음량 조절이 가능하다는 건 너무 좋아요이어버드 길게 누르기 기능은 원하는 기능으로 설정 가능하니 더 편안하구요주변소리 듣기 기능도 좋은 것 같아요 중간 정도 해놓으면 외부소리도 잘 들려서 주변 사람들 말을 못듣는 불상사는 거의 없어요개인적으로 저는 너무 마음에 들었어요 바질이 개선되길 바라면서 글 마칠게요 구매하시는 분들께 도움되셨으면 좋겠어요사진은 갤럭시 버즈 플러스 사진이구요 전 귀가 유난히 작은 편이라 제일 작은 이어팁으로 모두 변경했어요,1,
27,5,배송 정말 신속합니다 유선만 쓰다가 무선 이어폰이 필요할 때가 있어서 알아보다 구매했습니다 귓구멍에 작아서 잘 맞을 것 같은거 위주로 알아보다가 여기 리뷰보고 사야겠다고 생각했어요 잘 맞고 케이스 넘 깔끔해서 이쁘고 연결도 잘 되었어요 연결 전에 먼저 충전하시고 연결 시도하시면 될 것 같아요 음질도 좋아요~~ 점점 적응해야겠지만 무상 as도 1년이라니 믿음직스럽습니다~~ 가격이 좀 부담스럽긴 하지만 좋은거 사서 오래쓰자는 생각으로 사시면 될 것 같아요 후기보니 버즈 프로보다 버즈 플러스가 좋다는 분들도 만더하고요 암튼 추천합니다,1,
28,5,아버지 선물로 드리려고 샀습니다 배송은 조금 더뎠지만 그래도 주말 주문 후 4일 걸려 받았으니 보통이라 생각합니다 포장도 꼼꼼히 되어오고 문제 없이 잘 작동 됩니다가지고 계신 갤럭시 핸드폰에서 블루투스로 잘 잡혔도 핸드폰 내의 웨어러블 어플과 연동도 쉽고 옵션 설정도 간편합니다 평소에 이어폰을 끼시면 가족들의 목소리가 잘 안 들려서 유투브만 열심히 보시는데 주변 소음 듣기 기능이 있어 영상을 보시면서 주변 소리에도 반응하시니 매번 소리질러 부르던 아버지와 대화가 가능해졌네요 조금더 화목한 가족이 될 수 있을 것 같습니다그리고 귀 형태에 맞춰 고정하는 실리콘들의 사이즈가 다양해서 아버지 귀에 맞춰 바꿔드리니 걸어다니면서도 음질은 뭐 예전에 쓰시던 것 보다는 저에게 청음해볼 기회를 아직 주지 않으셨습니다 사진은 아버지께서 스크레치 난다며 금새 케이스를 씌워버리셔서 별도의 제품 사진은 이것뿐이네요 ,1,
29,5,일단 배송이 엄청 빨랐어요 13일 오전 7시쯤 주문 했는데 14일 오후 5시쯤 도착했어요무선 이어폰은 처음이라 이것저것 고민 많이 했었는데 좀 더 비싸더라도 폰이랑 잘 맞아야될것 같아 골랐습니다집에 도착하자마자 연결해 보았는데 바로 잘되더라고요 ㅎㅅㅎ 유선일 때는 여기저기 걸려서 폰이 떨어지거나 유선 이어폰이 단선될때가 많았는데 이제 그럴 걱정 없어서 너무 좋아요결코 저렴한 가격이 아니라 혹시 귀에서 떨어져 잃어버리면 어떡하나 고민도 했는데 제 귀에 딱 맞고 떨어져서 잃어버릴 고민은 왠만해선 안해도 될 것 같더라고요색깔도 처음엔 하늘색이 너무 영롱해 보여서 고민했지만 역시 무난한게 최고라 화이트를 골랐어요 제가 막귀라 음질 차이는 잘 모르겠지만 선명하고 통화음질도 뭉게지는것 없이 좋았어요,1,
30,5,배송도 빠르고 완전 마음에 들어요갤럭시 버즈 플러스 사용하다 신상인 라이브 구매했는데 개인적인 생각인지 모르겠지만 음질이 더 풍부한듯 느껴지네요 착용감은 착 달라붙는 느낌이 없어 조금 아쉬운듯 하나 오픈형인 제품 특성이니 잘쓰겠습니다,1,
31,5,60을 내다보면서 뭘 이리 센 가격대의 제품을 쓰나 하는 고민을 하게 하는 제품이었네요 듣는거라고는 설거지나 청소할때 성경말씀 듣는게 거의 90를 차지하는지라 장바구니에 담아두고 고민하기를 여러날 했던거 같습니다 아들에게 부탁해서 운동할때 들으려 저렴한거 사서 써봤는데 딱 돈만큼 사용하고 한쪽것이 들리지 않아서 결국 바리는 일을 저지르고 말았네요 제 나름대로는 소비제품에 약간의 비용을 지불한듯해서 제대로된 평을 하고파 구매후 사용을 한번 해보았답니다 일단은 색상이 연한 하늘빛이라 마음에 드네요 물론 취양에 따라 다르겠지만 선명한것은 처음에 확 눈에 들어오다가 질리기도 금새 질리더라구요 두번째는 귀에 딱 맞아서인지 기술력인지 진짜 밖에 소리 잘 안들리고 상대방어 소리를 들을수 있었어요 또 전화시 다른 소음도 확실히 전번거랑 비교될정도로 잡음이 덜들려서 좋았어요 계단오르기와 작은 뜀박에도 떨어지지 않았네요 귀에 안착감이 좋아서 장시간에도 통증 없어서 생활속에서 즐겨 사용하고 있어요,1,
32,5,설날도 있고해서 배송은 좀 늦었어요 저번주 금요일에 받아서 보니제조 날짜는 21년 1월 생산된거였고요 완충제로 흔들이지 않게해서잘왔어요 배터리는 70프로 정도 충전되 있었어요저는 여태 이어폰을 돈주고 사본적이 없는 사람이에요 ㅎㅎ 그냥번들 이어폰만 쭈욱 쓰던 사람이었는데 이제 마스크를 쓰고 다녀여하니불편해서 요번에 처음으로 사봤어요 정말 편하고 좋네요 ㄷㄷ간단히 테스트 해보고 이상없길래 완충하고 토욜에 착용하고여기저기 돌아다니며 테스트 해봤어요 저번주 토욜이 좀 따듯해서걷기만해도 땀이 살짝 나는 날씨였어요 땀차면 문제가 있을까 싶었는데한 2~3시간 여기저기 돌아다녔는데 음악이 끈긴다거나 하는건없었어요 주머니에 넣어도 보고 백팩 가방에 넣어보기도 했는데끈기는건 없었어요다른 종류의 이어팁 바꿔가며 착용해 봤는데 그냥 기본으로 장착되있는거 그대로 쓰는게 저한텐 잘 맞더라고요 처음 착용할때 그냥냅다 귀에서 밀어넣었는데 뭔가 불편하길래 이어폰을 귓바퀴모양에 맞게 살짝 돌리니 편안하게 잘들어가네요폰은 갤럭시이고 통화도 해봤는데 상대방이 안들린다거나하는건 없었어요 배터리도 오래가고 음질도 좋은것 같고ㅎㅎ 이 좋은걸 진작 살것 그랬어요그리고 케이스에 넣고 배터리 며칠가나 테스트 해봤는데하루에 한번씩 열어서 앱으로 확인해봤는데 5~6일 동안배터리 3~4프로 줄었들었어요 후기 글들에 이런 저런 문제들이보이던데 최신 생산품에 업댓도 하고나니 일주일째 뭐 별다른문제는 없네요음질좋고 편하고~사세요 두번 사세요ㅎㅎ,1,
33,4,한달동안 사용한 후기는첫째 유선을쓰다 써서 무쟈게 편합니다둘째 트레킹시에 외부소음에 방해없이 음악에 집중하며 즐길수 있어서 좋습니다셋째 등산을 즐기며 통화시에 손도 자유롭고 상대방이 수신불량하다는 소리는 한번도 안했습니다넷째 케이스를 통해 충전이 가능하니 하루종일 방전 걱정은 없어서 좋습니다 한쪽을 뺄때나 마스크를 썼다 벗을때 자꾸 터치가 되는 불편함은 여전합니다 코로나가 죄지요현재 장마기간이라 간혹 비를 맞으며 들을때도 있었는데 전혀 기능에 지장이 없습니다고장과 분실없이 오래 쓰길 바래봅니다,1,
34,5,불량이 많다길래 걱정하면서 주문했어요다행히 제조일자도 202005 였고 충전도 빨간불이었는데 조금 더 하니 초록불 뜨더라구요원래 쓰던 유선이어폰은 삼성에서 제공한 AKG였고무선이어폰은 Sound by gamsung이었는데 정말 너무 만족하며 사용하고 있던 이어폰이었지만 통화품질때문에 새 무선 이어폰을 생각하게 되었어요에어팟이랑 버즈중에 고민했지만 갤럭시 폰을 사용하고 있고 이번에 버즈플러스가 저렴한 가격에 성능은 더 좋아졌고 통화품질도 에어팟보다 낫대서 구매했어요케이스에 넣으면 바로 자동으로 들어가는데 이건 그렇지 않아서 좀 당황했구요또 케이스가 전에것과 비교해서 꽉 닫기지 않아 불안했어요이건 관리를 잘하는 수 밖에 없겠죠그리고 저에게 있어서 치명적인 단점은 이어폰 작동법이었는데요 전에껀 이어폰을 만져도 오작동 될 염려가 없었고한번 누르면 재생 일시정지왼쪽두번 이전 곡 오른쪽 두번 다음곡으로그런데 버즈플러스는 이어버드에 스치기만해도 혼자 멈추거나 곡이 뛰어넘거나해서 잘 만질 수가 없고 터치패드를 잠궈놓자니 즉각적인 컨트롤이 안돼서 불편하더라구요음질은 듣던것과 너무너무너무 달라서 심하게 당황했지만 이건 뭐ㅋㅋㅋ 버즈로 듣고 예전꺼 들으니까 답답한 소리가 나더라구요버즈에 적응해야겠죠볼륨은 갤럭시 웨어로 컨트롤이 가능하긴하지만 그래도 예전거에 비해서는 볼륨이 약해서디자인 존예구요주변소리듣기 기능이 정말 좋더라구요 답답하지 않고근데 이게 기본적으로 그런것같더라구요설정안해도 다 들리는듯무튼 너무너무 좋아요 뽑기 잘해서 기분 좋네용ㅋㅋㅋ,1,
35,5,한 달 사용해본 후기로 일단 qcyt1에서 넘어왔는데요급이 다른 수준 같지만 의외로 qcy사운드에 감탄일단 공간감이나 해상력은 좋아진 게 느껴졌는데 베이스음이 너무 약해서 이어폰이 귀를 때리는 저음 사운드가 없다는게 너~~~무 아쉬웠습니다 EQ를 정말 여러가지로 변경해봤지만 qcy만큼의 저음은 못 찾았네요 사운드는 만족합니다 가장 큰 장점은 어플과 연계한 빠른 연결성과 인식속도 및 터치 편의성인 것 같습니다 터치도 너무 잘 인식하구요 음량조절은 이어폰을 직접 터치하는 것보다 귀 뒷부분을 터치하는 게 더 잘 인식되긴합니다 스마트폰갤럭시이 좀 오래된 기종인데도 끊김이 거의 없었습니다 마지막으로 주변소리듣기 기능은 노래소리를 크게 듣고 있으면 솔직히 최대로 해놓아도 주변소리가 잘 안 들리긴합니다 노래소리를 줄이면 큰 소리들은 날카롭게 들리지만 대화는 가능할 정도는 되구요 신기한 기능이라고 생각됐습니다 통품도 준수합니다 좋습니다 추천드려요,1,
36,5,블루를 시켯는데 역시 실물이 깡짙은 파랑보단 은은한 파스텔톤 배송은 예정대로 빠릅니다 제조년월도 올해 5월 최신제품인게 너무 마음에 들고요3월 이전제품은 불량글이 많이보여 조금 걱정했던 양쪽 테스트 해보니 음향 뱃더리정보이어버드랑 케이스 휴대폰갤럭시노트10연결 다 정상적으로 잘됩니다 열자마자 폰에서 인식해서 알람뜨길래 좋았어요 제일 걱정이던 전화통화도 잘 들리고 상대방도 잘 들린다하네요라이브랑 플러스 중에 깊이 고민하다 귀가 좀 작은편에다 이어폰은 무선이 처음인데 커널형을 선호하고 라이브 지인꺼 껴보니 너무 걸치는 느낌이라 빠질까 불안해서 못끼고 있겠더라구요참고하세요 둘 중 고민이신분들 첫 무선 입문이어폰 저렴하게 역시 믿고쓰는 삼성으로 잘 시작해보겠습니다,1,
37,5,친구에게 선물로 줬어요 한 달이 지났길래 후기를 받아봤습니다갤럭시 버즈 플러스 한 달 사용 후기1 일단은 블루투스 이어폰을 처음 사용해보는데 갤럭시 버즈의 경우 케이스를 열면 바로 주변의 갤럭시 기기에 바로 연동이 되어 갤럭시 웨어러블이라는 어플이 구동된다2 개인적으로 음향의 이퀄라이저 레벨을 전부 조절할 수 있는 줄 알았는데  사용자는 ‘풍성함’에 설정을 해두고 사용하는 편3 이퀄라이저 후기 일반  진짜 그냥 일반 저음강조  베이스라인을 강조해주는 듯 들리나 중음고음역 사운드의 생략이 심하다 그리고 사운드가득한 귀로 음악 듣는 것 같음 부드러움  일반과 다른 점을 못 느끼겠음 풍성함  사운드가 클리어해지고 중~고음 음역이 주로 강조됨 선명함  보컬라인 사운드가 클리어해짐 나머지 인스트러멘탈 사운드가 미미하게 답답해짐 고음강조  저음 베이스 죽음4 선물 받은 케이스를 쭉 착용해놓은 뒤 사용하고 있는데 케이스에 대해서 귀엽다고들 한다 근데 부피가 비약적으로 커져서 주머니에는 넣고 다니기 힘들다 케이스를 벗기고 사용하면 컴팩트한 사이즈로 부담이 없을 듯5 줄 이어폰 쓸 때는 마스크 줄에 걸리고 진짜 난리도 아니었는데 줄이 없는 게 이렇게 편한지 몰랐다 존나편함 그리고 가방이나 주머니에서 꺼냈을 때 줄 꼬여서 빡칠일도 없다 내가 블루투스 이어폰을 사용하지 않았던 이유 중의 하나가 줄 이어폰은 그냥 핸드폰에 꽂기만 하면 음악이 나오는데 블루투스 이어폰은 케이스를 충전하고 그 케이스가 또 이어버드를 충전하는 기괴한 메커니즘을 이해하지 못했던 것이 가장 큰데 완충 시간도 별로 걸리지 않고 또 한 번 완충해놓으면 추가적인 충전 없이 하루 평균 사용시간 2~3시간 기준 3 4일은 사용하니 충전에 대한 부담도 없는 편 6 커널형이라서 기본적인 차음이 된다 그리고 평소에 음악을 크게 듣는편이라 갤럭시 버즈 플러스를 착용한 후 음악을 듣고 있으면 옆에서 나를 툭툭 건들지 않는 이상 외부 간섭에 대한 면역이 생긴다 그리고 기본적으로 부착되어있는 고무캡을 쭉 사용하고 있는데 내 귓구녕의 크기랑 아주 딱 맞아서 귀에서 빠지거나 하는일이 한번도 없었다라고 하네요,1,
38,5,겔럭시 폰이아닌 LG폰이라 기대반 걱정반이었지만 겔럭시 웨어러블 어플덕분에 매우매우 안심도되고 사길 정말 잘했다 생각이드네요 음질은 기존 버즈와 비교하자면 확실히 개선판이라는 생각이 확듭니다 막귀인 저에겐 매우 만족스러웠습니다 마이크 품질은 택배 오자마자 바로 전화를 한시간 넘게 해봤는데 지인분이 음질이 괜찮다는 말을 해줬습니다 주변소리가 거의 안들리고 목소리가 잘들린다고 말했습니다 전문가분들이 힌지부분이 개선됬다라는 말을 해주셨는데 이부분 정말 공감이 갑니다 유닛꺼낼려고 힌지여는순간 정말 전작에 비해 고급지고 신경쓴 모습이 느껴졌습니다 착용감은 처음 약 10분정도는 이물감이 좀 들다가 그뒤론 귀가 적응을 했는지 불편하지않고 괜찮았습니다 배터리는 택배오고 꺼냈을때 양쪽 약 98 정도 남아있었는데 전화 약 1시간 10분 약 노래 20분 정도 듣고 각종 기능 실행시키고 하니 양쪽 평균 84정도 남았네요  단순 노래만 들으면 제원처럼 11시간 가까이 가는거같네요 전체적인  감성과 성능 ,1,
39,5,동생 선물로 주문이라 혹시나 이상있는 제품이 오면 어쩌나 걱정했는데 다행히 최근 생산된 이상없는 좋은 제품으로 도착해서 만족합니다  행사쿠폰으로 저렴하게 구매해서 좋고 생각외로 사이즈는 앙증맞게 작아서 놀랐어요 구성품은 심플하게 충전잭 교체 이어탭 설명서가 전부 네요갤럭시s10 사용자에게 선물했는데 버즈플러스 뚜껑 열자마자 바로 페어링이 되어서 이상없이 연결이 되어 좋고 음질도 풍성하게 부드럽게 들린다고 해서 만족합니다 귀가 작은분들은 이어버드 넣기도 약간 불편한 감이 있고  전체적인 착용감은 좋은데 오래 사용하면 어떨지는 사람마다 다를것 같네요 갤럭시 웨어러블 앱에서 사용자에 맞게 누구나 쉽게 설정할수 있어서 좋은것 같습니다 한번 터치두번 세번 터치 길게 터치 가장자리 등 5가지 터치기능이 다양해서 좋고 블루투스 무선 이어폰 초보 사용자라 능숙하게 쓸려면 여러 기능을 알고 반복적으로 사용해 보아야 겠네요 에어팟 프로 노이즈 캔슬링 기능은 없어도 적당히 차단막 효과가 있는것 같아서 주변 소음에도 음악듣거나 통화하기 괜찮다고 하네요 그외 주변소리 듣기 기능도 음악만 듣다가 주변 상황을 모르는 경우는 덜할것 같아서 좋은데 잔바람도 사용자에 맞게 세기는 조절이 필요 할것 같습니다 세부적인 설정후에 음질 퀼리티는 풍성하게 세련되게 끊기거나 잡음없는 깨끗한 음질감이 좋다고 해서 가격대비 만족도가 높은 제품입니다 아쉬운 점은 터치감은 빠른데 이어버드 자체의 반응은 아주 약간의 느린감이 있어서 부조화 스런 부분이 아쉬운 점입니다 그외엔 초보 블루트스 이어폰 이용자가 입문하기 좋은 제품 인것 같아서 매우 좋습니다,1,
40,4,음질과 편리함이란 측면에서 만족하고 한 달 동안 잘 사용한 제품입니다전엔 저렴한 제품을 사용했었는데 페어링하는게 좀 번거로웠거든요 근데 버즈는 케이스를 열기만 해도 바로 기기랑 연결돼서 편리합니다 그리고 한 쪽씩만 끼고 싶을 때도 있는데 그냥 자유자재로 한 쪽으로만 들을 수 있어서 좋아요색도 파스텔톤이라 마음에 들고 윙팁과 이어팁 여분이 다양한 사이즈로 2세트씩 들어있어서 정말 마음에 들었습니다 다만 아직 제 귀에 잘 맞는 팁을 찾진 못했어요ㅠ 아직 찾아가는 중입니다 잠깐 사용할 때에는 어느 팁을 써도 불편하지 않은데 좀 오래 끼면 귀가 아프더라구요ㅠ노이즈 캔슬링이 없는건 좀 아쉽긴 하지만 그래도 갤럭시 버즈 좋아요,1,
41,5,버즈 플러스가 딱 맞게 들어가서 부피를 줄이고 제품 충격에 영향을 안 줄거같은 작은 택배상자부터 뭔가 다름을 느꼈는데 기본포장이긴 하지만 다른 최저가 쇼핑몰 후기에 큰 박스에 뽁뽁이 없이 배송됐다는 말을 봐서 그나마 신경써주셨구나 느꼈습니다버즈 VS 에어팟 비교분석을 유튜브 벼락치기로 하고 구매한거라 처음에 연결하는 방법만 알았지 그 멋나다는 이어폰 뚜껑열면 나오는 이어폰 충전상태 애니메이션 나오게 하는 방법도 모르고 이어폰을 끼고 폰 음량 최대로 올렸는데도 소리가 작아서 뭐지 불량인가 하면서 약간 헤맸는데 네이버 삼성스마트폰카페가 많이 도움이 되더군요버즈는 그냥 뚜껑열면 충전상태 애니메이션이 나왔다고 하는거 같은데 이번 플러스는 smartthings 앱 깔고 휴대폰 설정에서 검색창에 기타 연결 설정에 들어가서 주변 디바이스 찾기 누르면 되더라구요그리고 버즈내에 음량조절하는거 있어요갤럭시 웨어러블 앱에서 터치패드에서 조정할 수 있어요 더 써봐야 알겠지만 ,1,
42,4,이거 K에서 사면 더 싸게 살 수 있는데 문상받은게 있었서 여기서 샀습니다만 만약에 여기서 그냥 자기돈 내서 사실 분은 여기서 사지 마세요 그리고 노이즈캔슬링이 있는 줄 알고 샀는데 그냥 AKG튜닝이네요 뭐 제가 제대로 보지 않고 산 제 잘못이니까요 전체적으로 마감 좋고 사운드 좋고 ANC가 빠지건 조금 아쉽지만 기존에 사용하던 소니 헤드폰 보다 NC가 잘 되네요 전용 앱도 있어서 유용해요 전체적으로 기대 준수입니다 음 조금 더 저렴하게 구매했다면 더 좋았을 것을 이란 생각이 듭니다만 그래도 기대 이하는 아니여서 나름 만족합니다 한 가지 더 조언을 해 주자면 배터리가 확실히 다른 무선 이어폰에 비해 적어요 여기서는 11시간이 사용 가능한 대용량이라고 하지만 옆 동네 anker만 가도 26시간은 기본으로 뽑습니다 그것도 3만이나 더 저렴하게 NC 빼고는 별 4개 NC 포함 별 45개 입니다 다음 세대에는 ANC탑재를 기원합니다~ 여기는 45는 않되서 4개 드립니다,1,
43,5,일단 전반적으로 매우 만족합니다 디자인은 기존 세대와 크게 달라진 점은 없지만 유광이 생각보다 세련됐어요 색감도 파스텔 계열인 블루로 잘 뽑아냈고 무엇보다 주변소리듣기 기능이 정말 유용하네요 노래 듣다가 볼 일이 있으면 터치패드로 소리 끄고 터치패드를 길게 누르면 주변소리 듣기 기능이 가능해집니다 이 기능을 활용하여서 따로 버즈를 빼지 않고 착용한 상태로 일을 볼 수 있는 것이 정말 장점이라고 생각합니다음질 또한 다양한 음역대를 들을 수 있어서 더욱 풍부한 사운드로 음악을 감상하실 수 있습니다다만 단점이라기보단 주의해야 할 사항은 아주 가끔씩 이어버드 끼려다 손에서 미끄러져서 땅에 떨어트리는 경우도 있더라구요 평지 아니고 하수구나 엘베 근처에서 낄땐 조심하세요 저 하루만에 떨어트릴 뻔 했습니다 ㅠㅠ 난 아니겠지 하지 마세요배터리 용량도 기존 버즈에 비해 증가하여서 외출시 유리합니다 충전을 자주 하지 않아도 되고 금방 충전되니 정말 버즈 플러스 만큼 좋은 블루투스 이어폰이 있는지 ㅠ착용감도 나쁘지 않아용 추천합니다 귀가 안 아파요 ,1,
44,5,확실히 저가 무선이어폰에 비하면 음향이나 음질이 뛰어나지만음 좀 의외다 싶은 부분이 있다면커널형치고는 생각보다는 외부소리가 잘 들린다는 거유선 커널이어폰 정도를 생각했는데그 정도는 아니고 유선 오픈형 이어폰을 살짝 생각나게 하더라고요버즈라이브와 플러스 고민하다가 커널형이라는 점에서 플러스 산거였는데 기회되면뭔가 혹평만 한 것 같지만 그래도 있습니다무엇보다 배송이 빨리 온 거랑2020년 11월 버전을 보내주신 게 마음에 드네요,1,
45,5,저는 유선이어폰을 잘 쓰는 사람이라 무선이어폰의 필요성을 못느끼고 살았습니다 굳이 비싸고 심지어 충전까지 따로 해야하는 무선이어폰을 왜 사야하지 라는 생각을 가졌었으나 최신폰들은 이어폰단자랑 충전단자가 하나로 통일되어 불편함을 느끼던 와중 잘 쓰던 유선이어폰도 잃어버려 큰 맘 먹고 구매했습니다여러 리뷰에서 과방전이나 불량제품이라는 안좋은 이야기 때문에 걱정이 많았는데 여기는 배송도 빠르고 과방전 같은 것도 없이 페어링이 잘 되었어요 써보니까 확실히 선이 없어 편하고 활동에 제약없이 좀더 자유로운게 좋네요 제가 귓구멍도 오른쪽이 왼쪽이랑 다르게 생겼는지 유선이어폰은 오른쪽이 흘러내렸는데 이 아이는 그런 것 없이 잘 맞습니다 그동안 안맞으면 어떡하지 걷다가 떨어뜨리면 어쩌지 걱정이 불구하게 참 좋아서  감사합니다,1,
46,5,와이프 선물해주려고 무선이어폰을 이틀정도 검색하고 알아봤는데 저가형은 as도 번거롭고 금방고장나고 조금 가격대를 올려서 찾다가 버즈로 마음을 굳히고 버즈라이브와 플러스중에 고민하다가 결국엔 버즈플러스로 결정했습니다리뷰에 한쪽이 안들린다는 리뷰보고 걱정했는데 이상있으면 서비스센터 갈생각으로 구매했어요삼성서비스센터는 많으니까요 다행이 양쪽모두 소리 잘나오구요 현재 와이프가 사용법익히고 있습니다제품도 이쁘고 구매 잘한거같습니다사용해보고 한달후기 남길께요마지막사진 케이스는 개인적으로 따로 구매한거에요,1,
47,5,무선 이어폰 pcy 3만원짜리 쓰면서도 제가 워낙 무딘편이라 딱히 불편한 점을 못 느껴서 1020만원대 이어폰 돈 아깝다고 생각했었는데 신세계네요~이건 제가 쓸건 아니고 아들램 초등학교 졸업 선물로 갖고 싶은거 물어보니 버즈 사고 싶다고 말해서 제 딴엔 큰 맘 먹고 샀어요~그런데 디쟌 색도 이쁘고 귓구멍에 들어가는 것도 맞춤인 줄~ 간지도 작렬 음질도 좋아요~ 외부소리 들리는 기능도 없을 땐 몰랐는데 엄청 편해요~선물하고 보니 제가 자꾸 탐이 나서 ㅎㅎㅎ 조만간 또 사러 올 것 같아요~,1,
48,5,왕 빨리 오네요 정말 좋아요 지금 함 끼고 들어보는데 저음 이어폰만 쓰던 사람으로저음살짝살짝ㅠ약합니다고막 흔들어주는듯한 깊게 울리는 그런 건 없는데 그래도 소리가 굉장히 풍부하네요주변 소음이 거의 완벽하게 안 들려서 그런지 섬세하겐 잘 들려요후기글들 중 불량 뽑으신 분들이 많아 보여서 걱정했는데 다행히 지지직거린다든지 소리가 작다든지 같은 문제는 없습니다~좌 우 밸런스 좋고 반응도 빠르고 매우 잘 작동 합니다고로 저는 평소 노래를 겁나 크게 듣는데아니너무 커서 기존 볼륨에서 2단 내려 듣고있습니다착용 첫 느낌은 움직이면 빠질 것 같다 였는데귓바퀴에 윙팁을 최대한 잘 맞춰 끼워 넣으면 잘 안 빠져요~딱 고정 되어있습니다그리고 생각보다 귀가 아프거나 하진 않네요제일 마음에 드는 점 레알 외부 소리 이렇게 잘 안 들리는 이어폰 처음 껴봅니다ㅠ정말 노래만 들립니다매우 감사합니다,1,
49,5,귓구멍이 워낙 작아서 한참 고민하다 질렀는데 뛰어도 귀에서 잘 빠지지도 않고 소리는 잘 들려서 편하고 좋아요톡톡 두드리는 걸로 음량 크기랑 다음곡 이전곡 다 조절할 수 있는 것도 큰 장점입니다생각보다 실물로 보면 오묘한 홀로그램 색도 보이고 너무 예뻐요♡그리고 주변 소리 듣기가 된다는 점도 너무 좋아요 뒤에서 자전거나 사람 오는 소리가 들려서 훨씬 안전하게 다니고 있습니다전에 에어팟 쓰다가 넘어왔는데 페어링 잘 되고 끊김이 적어서 좋네요 가격도 비교적 적당하고 기능도 다양해서 만족스럽습니다올해 최고의 소비라고 생각해요ㅎㅎ,1,
50,5,우선 저는 처음부터 양쪽 다 연결이 잘 됐구요그리고 진작 살걸 후회 많이했어요핑크색 너무너무너무너무너무 예뻐요핑크색이 너무 도전적인가 생각할 수도 있지만사실 핑크색이 흰색이랑 블루보다도 피부톤에 잘 맞아서 눈에 많이 띄지 않아요나는 이어폰 낀게 멀리서도 빻 보여야한다 하는 분들은 흰색이나 블루 가시고보는 사람마다 다 이뿌다고해요,1,
51,5,완전 예쁘고 너무너무 귀여워요운동할때 유선이어폰이라 불편함이 이만 저만이 아녔는데 저도 이제 유선 탈출하네요투명케이스도 같이 구매해서 끼웠는데계속 투명으로 살아도 괜찮을것같아요 예쁨ㅎㅎ막귀기도하고 다른 무선블투 이어폰 사용은 안 해봐서 비교군이없어 음질은 어떤지 모르겠는데들을만합니다,1,
52,5,디자인이 이쁘네요 제 귀에 맞는 사이즈인지는 잘 모르겠는데 통화도 잘 되고 소리도 잘 들려요주변 소리 듣기 기능이 원래 좀 지지지~하는 소리가 나나요 주변 소리 듣기 기능 켜면 제 목소리도 잘 들리고 이어폰 끼고 밖에 나돌아다니는거 안좋아하는데 이 기능있으면 불안하지 않고 괜찮을 것 같아요일단 한 달은 써봐야 정확이 좋은지 어떤지 알 수 있을 것 같아요 지금으로서는 만족합니다버즈는 케이스가 이쁜게 별로 없는 것 같아요예쁜 케이스도 많이 나왔으면 좋겠네요내일은 케이스 사러 가려구요아직 기능을 잘 몰라서 배워가는 중인데 한 달 후면 자연스럽고 편하게 사용 가능 하겠죠 ㅎㅎ,1,
53,5,불량이 종종 있다는 후기를 보고 많이 고민을 했었는데 네이버 삼성전자데이 이벤트도 하고 있고 다른 곳보다 저렴하게 구매할 수 있어서 일단 질렀습니다 받아보니 처음에는 페어링이 잘 안되서 불량인가 했는데 다시 해보니 다행히도 불량이 아니고 잘 나오더라구요 같이 온 케이스가 조금 삐걱대는 소리가 나긴 하지만 그래도 공짜로 받는 상품 치고는 매우 만족스러워서 잘 사용해보려고 해요 같이 동봉된 키링 말고 개인적으로 갖고 있던 키링이랑 같이 끼우니 완전 영롱보스 ?????o?????  스티커로 조금 꾸미고 나니 더 예쁜것 같네요 오래도록 고장 없이 잘 쓸 수 있길 바래용ㅎㅎㅎ 한달뒤에도 후기 남기러 오겠습니다~~~,1,
54,5,원래 갤럭시버즈 사용중이고 아빠가 필요하셔서 이번엔 플러스로 구매했어요 사진에서 유광이 플러스이고 내부 화이트인 쪽이 플러스입니다 기존 것보다 확실히 업그레이드돼서 음질이 확 달라요 기존것도 정말 좋았지만 플러스 더 좋아요기기마다 블투 이어폰 각각 사용중인데 피씨랑 탭은 저가로 사용중이거든요 저가는 양쪽 사용하다 한쪽 보관함에 넣으면 다른 한쪽 사용 못 한다든지 혼자 연결끊었다 이었다 난리예요 버즈에서는 그런 현상 한번도 느낀적없고 바람 심하게 부는곳 여튼 특정 지점 가면 혹은 배터리부족일때 좀 지지직 거린다든가 소리가 흔들리는 느낌 든 적 있어요여튼 딱 하나 사야한다면 다음에도 버즈 구매할듯요,1,
55,5,화이트너무이뿜미다 왼쪽 안된다는얘기많아서 진짜고민많이 했는데 어차피딴데서사도 그런제품걸리는것같아 저렴한곳에서 구매했습니다 클리어케이스주신것도좋아요 깔꿈허니 당분간요거쓸까봐요 저는 무선이어폰처음이라마냥다좋기만하네요 음질도좋고 그리고 가장자리터치해서 음량조절되는거까지 하면 터치로 조절많이 할수있는거 넘나리조아윰 버즈때 살까말까고민빡세게하다가 잘안써서 안삿는데 플러스는사길너무잘한듯 마니파세영,1,
56,4,학생에게 큰 돈 이였지만 용돈 꼬박꼬박 모아서 드디어 샀습니다 배송은 빨랐어요사람들 말 대로 그 뭐지 주변 소음 없애는건 큰 효과는 없지만 약간 차이가 있더라고요그리고 제가 귓구멍이 약간 작아서 그런지 끼면 귀가 좀 아픕니다 근데 좀 쓰다보면 익숙해져서 괜찮은데 그래도 1시간은 못 넘기겠더라구요 귀가 너무 피로해요케이스도 아담하고 귀여워요 반딱반딱 이어버드도 예쁘고뭐가 좀만 닿아도 불편하다는데 전 그렇게 신경은 안쓰였어요 다만 오래 누르고 있어야 하는게 잘 안돼서 두세번 해 봐야하고 연속 터치 해야할 때 또 안먹어서 두번 버튼같은게 있음 더 정확할텐데걍 요 별 5개 했는데 4개 해야 삼성이 보고 보완할 것 같아서 ㅎ 개선돼서 나오면 살게여,1,
57,4,제조일은 20년 12월 제품으로잘 받았습니다일반 이어폰만 사용하다버즈를 처음 사용하는데편리성과 음질의 차이가 상당히크더군여 ㅋㅋ노이즈 없이 부드럽고 선명해서이질감없이 편하고 좋으네요갠적으로외부 소리 차단이 덜 되는 것 같아서아주 쪼금 아쉽긴 합니다,1,
58,5,줄이어폰만 쓰다가 처음으로 블루투스 이어폰 구입해서사용중인데 너무 편하고 좋아요갤럭시 핸드폰과 갤럭시 탭을 사용하고 있어서고민없이 갤럭시 라인으로 선택했어요다행스럽게도 불량은 아니었네요촌스러운 핑크라는 말이 있어서 좀 걱정했는데사은품으로 온 투명케이스도 나쁘지 않아요다만 손이 살짝만 스쳐도 반응을 한다는 단점이 있네요그래도 아직까진 좋은점이 훨씬 많아서 좋아요,1,
59,5,주문하고 다음날 바로배송되었어요화이트가 질리지않고 유행안타서 선택했는데 실물을 보니 깔끔하니 맘에 듭니다충전기는 유에스비잭 밖에 없어서노트북에 연결해서 충전했어요한두시간만에 빠르게 완충되었고어플로 부위별 설명도 자세히 되있어서 편하더라구요에어팟과 달리 동그랗게 귓구멍에 쏙들어가서 걸리적 거리지 않습니다음질도 폰으로 재생할때와달리 배경음까지 선명히 들려서,1,
60,5,서용기간은 이틀이지만 불량도 없고 잘 사용하고 있어요 끊김도 한번도 없었고 터치 패드도 잘 인식되고 음질도 굉장히 좋아요 블루 색상도 너무 예쁘구요 특히 주변 소리 듣기 기능이 기대 이상이네요 주로 이어폰 끼고 옆사람과 대화할 때 켰는데 옆에서 말하는 사람 목소리가 선명하게 잘 들립니다 아주 좋아요그리고 투명 케이스가 말랑말랑한 젤리케이스일거라고 생각했는데 그냥 딱딱한 플라스틱 케이스네요 그래도 튼튼해보여서 만족합니다,1,
61,5,한쪽이 안들린다는 평이 많아서 걱정했는데양쪽 다 잘 들려요 배송은 하루만에 왔구요부드러운 파스텔 하늘색이라 색 맘에들고착용감도 좋아요~ 음질은 막귀인 편이긴한데3만원짜리 블투이어폰은 노이즈가 심했는데버즈플은 그런거 없어서 듣기 편했어요,1,
62,4,두달 사용 후기 일단 좋긴 좋아요 무선이어폰인만큼 유선에비해 굉장히 자유롭습니다 그리고 배터리도 엄청 오래가요 그런데 사용하다보니 잔고장 오류 같은게 있더라구요 일단 폰이 갤럭시가 아니라서 그런가 버즈랑 연결이 좀 느려요 느린거 알고 사긴했는데 시간이 지날수록 더 느려지는 느낌 폰과 이어폰이 한 15~20걸음 정도 멀어지면 연결이 잘 안돼요실내기준 폰을 거실에 두고 다른방에 들어가면 뚝뚝 끊겨요 약간 벽에 가로 막히면 소리가 끊긴다고 보면 돼요 그리고 갑자기 뜬금없이 소리가 끊길때가 있어요 예를 들면 잘 들리다가 다음 노래 재생했더니 소리가 안들린다던가 하는 경우요 음량조절도 안먹을때가 있어요 보통은 재연결하면 해결됐는데 안될때도 있더라구요 그럴땐 그냥 블루투스 끄고 이어폰을 하루 이틀정도 방치하다 다시 연결하면 되더라구요 지금까지 2번 그랬습니다그래도 지금까지 서비스센터를 갈 정도로 고장이 난것도 아니니 잘 쓰고있습니다ㅋㅋㅋ,1,
63,5,왼쪽이 과방전 이었지만 인터넷 검색해서 해결했어요 파란색은 과방전 상품이 많은가봐요 이거 스스로 고치는거 귀찮으신분들은 흰색 주문하는게 좋을듯합니다 하지만 파란색이 예쁘기때문에 파란색 주문해서 고치는것도 괜찮은거같아요 터치하는부분에 핑크홀로그램이 보일듯말듯 들어가있어요 개인취향이지만 흰색보다 질리지 않을것같은 색입니다배송도 하루만에 왔고 잘 들려요 싸구려 쓰다가 귀가 아파서 바꿨는데 귀에 안정감이 있네요 무엇보다 베터리가 오래가요 하루종일 연결하고있어도 중간에 충전 하라는 메세지가 안떠요근데 터치인식이 너무 예민해서 귀에 낄때 자꾸 반응해요 그래서 터치기능 꺼야합니다 그게좀 아쉬워요,1,
64,3,지금도 끼고 있는데요 통화음질때문에 기존 브릿츠 넘기고 이걸로 구매했거근요 통화품질 굿이네요 아이폰 쓰는 친구말론 아이폰 부심인지 그것보담은 별루지만 괜찮다는 반응그런데 문제는 음악들을때 외부소리 굳이 안켜도 너무 생생히 들리네요 음악소리 찢아져라 높이면 모를까 보통의 음량에선 버스방송소리 차 달리는 소리 너무 잘들려요 예전 브릿츠꺼는 첨엔 잘들려서 귀에 끼울때 한바퀴 잘돌려 귀에 꼭 맞추면 외부소리 음악안들어도 웅웅 거릴정도로만 들리는데 이건 음악을 들어도 생생하게 들려버려서 좋은건지 나쁜건지 외부소음 켜가는 사실상 안들리는 소리까지 섞여 들려버려서 오히려 무슨소리인지 알수 없어요 시끄러운 곳에서 조용히 음악듣기엔 실패인듯 오히려 걸으면서 듣기에 좋을듯하네요,1,
65,4,좋아요~~~ 많이파세오~~~케이스 불량이예요버즈플러스제품인데 케이스는 버즈인가요 미묘하게안맞아서 뚜껑이 안붙어요너무ㅡㅡㅡ이후에 걸 알았어요접착필름 넉넉하게 5개 보내주신다고해서 받았는데 실제로 4개 왔구요이것도 옥천에서 묶여잇다가 일주일만에 배송받음처음에 붙엿더니 또 안붙어서ㅠㅠ 하나버리고 다시 붙였어요접착력이 안좋은듯어쨌든 지금은 잘붙여서 다니고있는데 혹시나 어느샌가 접착력이 풀려서 떨어질까봐걱정이긴해요ㅜ많이파세요,1,
66,5,남자친구 깜짝 선물로 사줬는데 너무 좋아하더라구요 ㅋㅋ흰색이 어울기도 하고 원래도 흰색 이어폰을 선호하는터라 일부러 화이트로 주문했는데 세상에 너무 찰떡이고 색도 유행 안타게 은은하니 예뻐요 직장인이라서 업무 전화받으면서 다른일 하는게 일상이라 선 있는 이어폰 쓰면 번거로워하는게 마음에 못내 걸렸는데 요즘 편하기 잘 쓰고 있어서 유선 이어폰으로는 이제 못 돌아가겠다고 하더라구요 제푸또 12월 최신 제품이고 상태도 깔끔하게 와서 대만족 중이에요 남친이 만날 때마다 이어폰 끼고서 애처럼 좋아해줘서 저도 덩달아 신나네요ㅋㅋ 타 판매처ㅇㄴㅇ 집 다른 네이버 상의 샾 에 비해 저렴한 가격에 정품 사서 너무 행복해요 후에 또 애용할게요,1,
67,4,버즈 라이브 좋긴 좋은데 버즈 플러스랑 차이점을 별로 못 느끼겠습니다 제가 막귀인 것도 있는데요 음질이 플러스보다 조금 더 좋은 정도 비슷비슷한데 오픈형이다 보니까 노래가 좀 퍼지는 느낌은 있어요 착용감이 좋다고 그러던데 연골이 좀 아픕니다 그리고 약간 헐렁한 느낌 좀 빠질 것 같은 느낌도 있어요 근데 안 빠집니다 귀에 안 맞아서 그런 것도 있어요 사람마다 다 다를 것 같아요 노이즈 캔슬링은 진짜 완전 쓸모가 없었습니다 하나 안 하나 차이점이 없었어요 버즈 플러스보다 배터리가 더 적던데 음 버즈 플러스 쓰시는 분은 계속 그거 쓰시는 것도 나쁘지 않을 것 같네용 물론 버즈 라이브 좋긴 좋아요 음질은 퍼지는 느낌이 딱 좋더라구요,1,
68,4,대체로 편하고 좋은데 불편한 점을 꼽아보자면침대에 누워있을때 분명 귀에서 빠진 느낌이 없었는데 귀에서 빠졌다고 인지하는지 영상을 보는 중간중간에 멈출때가 있더라구요 그러면 뺐다가 다시 끼지 않는 이상 터치패드가 안먹힙니다그건 누워있을때만 그런거니까 제 귀모양이 잘 안맞는 모양일수도 있어요 평상시에는 크게 불편하진 않습니다그리고 최근따라 갑자기 블루투스 연결이 끊길때가 아주 가끔 있더라구요 다시 연결하면 제대로 작동하지만 공공장소에서 연결 끊기는 소리가 들리면 소리기 갑자기 스피커로 나올까봐 쫄려서ㅎㅎ그것말고는 다 편해요 충전도 저는 23일에 한번씩 하는편이에요 배터리 찡짱 오래가요 첨엔 윙팁때문에 날개 없는 윙팁을 사용했었는데 그러니까 귀에서 잘 빠지더라구요 날개 달린 윙팁도 며칠지나니까 적응돼서 이제 아무느낌 안나요 ,1,
69,5,배송이 진짜 빨라요 ~ 원래 에어팟 사용하다가 주변에서 버즈 플러스 좋다는 이야기를 많이 듣고 주문했어요~ 음질도 좋고 노이즈 캔슬링 기능이 진짜 최고에요 착용감도 저는 훨씬 편해요 ~~상품 받고 바로 테스트 해봤는데 아직까지 크게 불량 있는건 없네요 ~~ 잘쓰겠습니당,1,
70,5,배송이 완전총알배송이네요 작년모델이긴해도넘예뻐서 샀어요 진짜 실물이 갑이고전 아이폰유저인데깔고자시고 할거없이페어링 그냥 바로됨아묻따 무조건 추천ㅋㅋㅋㅋ에어팟도 있는데 무조건소장각,1,
71,5,아이폰이라 처음에는 버즈 구매하는 게 좀 망설여졌었어요 가격은 에어팟보다 저렴하지만 아이폰과 호환이 잘 안될 것 같고 안 예쁠 것 같고 고민고민   근데 한 달 동안 들고 다니며 너무 만족했어요 그냥 얼른 사서 들고 다닐걸 하고ㅋㅋㅜ 디자인도 마음에 들었구요 호환도 잘되고 음질도 좋아요 특히 저는 오픈형 이어폰을 끼면 귀가 아파서 힘들었는데 확실히 커널형이다 보니 귀도 편하고 좋았네요 따로 노이즈 캔슬링 기능이 들어있는 건 아니지만 커널형이다 보니 주변 소음이 잘 안들려서 좋았어요 다만 밤길이나 도로에서는 조심하세요 호환도 뭐 한 번 클릭하면 멈추고 두 번 클릭하면 넘어가고 원래 에어팟에서 쓰던 기능들은 다 되길래 편하게 쓰고 있습니다 감사해요 ???,1,
72,4,새로 나온 프로랑 플러스 중에 고민했는데 플러스가 예전 버전이지만 가격은 반값이고 평도 좋아서 구입했습니다흰색이라 깔끔하고 귀가 작아 커널형 말곤 못쓰는데 꽂았을 때 흔들림없이 잘 맞구요주변 소리가 만족스럽게 차단되진 않아도 볼륨을 하나 더 높이면 음악소리에 집중하게 되서 괜찮아요,1,
73,5,사용하던 무선 이어폰이 있어 몇 주 고민하다가 화이트 컬러 주문했어요 주문하고 다음날 바로 도착했어요불량이 있다는 후기가 많아 걱정했는데 다행히 페어링도 잘 되고 작동 잘 됩니다 저가 무선 이어폰 사용하다 바꾸어 그런지 음질도 확연히 차이나고 앱으로 여러가지 편하게 설정할 수 있어 너무 좋네요가격도 타사이트보다 저렴하고 일체형 케이스도 사은품이라 비용 절약했네요 다이소 저렴이 키링 하나 달았더니 귀엽습니다만족스러운 구매였어요,1,
74,5,배송도 정말 빠르고 계속 눈팅했는데 드디어 크게 세일을 해서 핑크로 구매해요블루는 처음부터 갖고있었는데 너무 좋아서 재구매하려고 했는데 핑크가 너무 이뻐보여서 핑크로 구매했어요 삼성 좋아해서 갤럭시 버즈 플러스 프로 라이브까지 모두 갖고있는데 라이브는 완전 비추고오픈형이어서 바깥 소음이 너무너무 잘 들리고 노이즈캔슬링기능은 아예 효과 제로고 버즈플러스 버즈프로는 추천해요 버즈플러스는 귀에 깊숙히 들어가기때문에 굳이 노이즈캔슬링기능이 없어도 거의 안들려요 바깥소음이 그리고 음질도 풍성한으로 하면 좋아요 거기다 저렴하기까지 버즈프로는 비싸다 하면 버즈 플러스로 추천해요 근데 귀가 작다 하면 버즈프로보단 버즈플러스로 추천해요 버즈프로는 커널형이지만 귓구멍에 넣는게 플러스보다 짧아서 자꾸 귀에 안들어가고 빠지고 나와요 근데 버즈플러스는 귀가 작은사람도 깊숙이 잡아주기 때문에 안빠져요,1,
75,5,전에 쓰던게 고장나서 이번에 산건데 확실히 대기업은 다르네요 소리도 좋고 잡음도 없어요 연결도 버즈 뚜껑 여는순간 바로 되어서 연결 딜레이도 없고요 특히 배터리 오래가서 좋았습니다 아직 사용한지 얼마 안되어서 단점은 잘 모르겠지만 한가지 아쉬운 점이 있다면 제가 귀가 작아서 그런건지 윙팁을 쓰면 귓바퀴가 좀 아파요 그렇다고 안 쓰자니 좀 고정이 덜되는 느낌이 있습니다 그 외에는 불편한점 없이 잘 쓰고있어요,1,
76,5,배송도 빨리오고 인식이 안된다든가 아예 고장난 불량품이 오면 어쩌나 걱정했었는데 서리 잘 나오는 제품이 도착했어요왼쪽 소리가 오른쪽에 비해 아주 살짝 작긴한 것 같지만 크게 신경쓰이진 않아욤 하늘색 살까 흰색살까 고민하다가 후기들 보니까 하늘색은 제조일자가 조금 오래된 제품들을 보내주고 흰색은 비교적 최근꺼를 보내주는 것 같더라구요 그래서 흰색으로 골랐습니다 그래서 그런지 제조일자가 8월인 굉장히 최근 제품으로 왔어요?´▽? 방전도 안돼있어 충전없이 바로 연결해서 사용할 수 있었습니다 저는 lg폰 사용하고 있고 타사 폰임에도 연결 굉장히 잘됩니다 그리고 디자인이 너무 예뻐요~ 주변 친구들 다 무선 이어폰 쓸 때 굳이 필요없다고 안사고 버티던 과거의 제가 바보같네요ㅋㅋ 앞으로 잘사용하겠습니다 방금 사진 첨부하는데 지지직 걸리더리구요뭐지,1,
77,5,전체적으로 다 만족합니다 주로 업무할 때 사용하는데 귀에 꽂고 있을 때 외부소리가 차단되어 일하면서 불편하지 않을까 했지만 주변소리 듣기 기능으로 불편함 없이 사용하고 있습니다본 케이스가 생각보다 작아서 손에 딱 쥐어지는 마이마이 케이스도 잘 구매 한것 같습니다 색상도 잘 어울리고 가방에서 찾기도 쉽고 딱이에요,1,
78,5,배송포장상태 만족스럽고 불량제품아니라서 너무 다행이고 기분좋아요~블루 색감이 시원해보이고 이쁘네요디자인도 동글동글하니 그립감좋고사은품 고양이투명케이스 귀여워요고양이키우는집사 취향저격입니다고리도 있으니까 편리하게잘 사용할거같아요여기가 가격도 저렴하면서네이버 포인트도 많이주고사은품으로 케이스도 주니까구매하길 정말 잘한거 같아요이제 걸리적거리는 줄이어폰에서해방이네요 ㅎㅎ 버즈플러스 추천,1,
79,5,생각만하다가 드디어 구매했네요 정가보다 저렴하게사서 너무 좋구요 잘 작동되는 제품 받아서 다행입니다~ 색 고민하다가 그냥 무난심플깔끔한 화이트인데 진짜 마음에들어요ㅠㅠ 케이스빨리 오면 좋겠네용 암튼 디자인도 예쁘고 갤노트10쓰고있는데 같은 c타입 케이블로 충전되니까 편하게충전할수있어서 좋고 음질 짱입니다 통화음질은 적응이안되서인지 조금 별로라고 생각이드는데 저는 음악감상용으로 구매한거라 그닥 신경안쓰구용 배송도빠르고 가격도저렴하니까 여기스토어 추천합니다~♡,1,
80,5,전에 쓰던 5만원짜리 블루투스 이어폰에 금방 망가져서 이번엔 좀 제대로 된걸 사보자는 생각에 믿음이 가는 삼성 제품 택해봤습니다 확실히 자본주의 사회에서는 가격  성능 공식이 먹히는 것 같습니다음질은 물론이고 착용감 유닛 및 케이스 무게크기 디자인 등 모든게 다 전에 쓰던 것보다 월등히 좋은 것 같습니다ㅎㅎ케이스 크기는 렌즈통정도만하고 차키 정도의 무게 입니다너무 추상적인가ㅋㅋㅋ무엇보다 가장 맘에 들었던건 페어링이 안끊기고 잘된다는 점,1,
81,5,구매 이유  조깅할때 선이 걸리적거려서통화는 상대방이 잡음과 음질때문에불편할것같아서 이걸로는 사용안할예정외관  화이트는 머리속으로 아니다 아니다 해도 자꾸애플이미지가 연상되어서 블랙으로 구매함 착용감  일반 유선 번들이어폰들 착용감과 크게 다르지않음귀모양이 꽤 많이 일반적이지 않은 사람들에게는어떨지 모르겠지만 평범한 내 귀에는 편하고 안빠짐스몰미듐라지 세 사이즈로 귓바퀴고정용부품 귓구멍에 넣는부품이 들어있기때문에 자신에 맞춰서 사용하면 될듯함버즈플러스 후속작으로 버즈빈으로 불리던 버즈 라이브가 출시된다고 해서 고민했지만버즈플러스를 ,1,
82,5,후기보고서 충전을 한 후이 사용했습니다 충전을 하고 사용해 보았는데 왼쪽이 잘 안들려서 서비스센터에 가야하나 했는데 케이스와 연동된거였더군요 이어버즈 블루투스를 찾아 다시 연결 후에 착용해보니 음질이 훌륭했습니다 또렷하게 고음 저음 모두 잘 들리고 선명하며 생생하게 들을 수 있어서 좋아요,1,
83,5,버즈 플러스를 장만하고 사용한 지 한 달이 넘었네요 구매 결정을 내리지 못한 분들을 위해 리뷰 남겨봅니당 참고로 저는 아이폰을 쓰고 있어요~우선 두말할 것 없이 디자인이 예뻐요아이폰을 쓰는 제가 버즈 플러스에 관심을 갖게 된 이유ㅎㅎ동글동글 귀여운데 흰색 바탕에 은은한 하늘빛이 살짝 감도는 게 영롱합니다그리고 노래를 즐겨듣는 제게 가장 중요했던 음질 음질은 개인적으로 정말 만족스러웠어요ㅎㅎ버즈 플러스로 처음 노래를 들었을 때 감탄했던 게 생각이 나네요 가수 목소리나 비트가 선명하게 들려서 전체적으로 소리가 풍부한 느낌이었어요 이퀄라이저 종류가 다양해서 취향대로 선택하시면 될 것 같아요또 블루투스 이어폰이다 보니까 연결이 정말 중요하죠 전 아이폰 사용자라 고민이 많이 됐었는데 지금까지는 딱히 불편함을 느끼지 못했어요 터치 기능도 잘 작동돼서 종종 유용하게 쓰고 있습이 빨리 되고 여러 기능들이 있다는 장점이 있지만 아쉬운 점을 뽑아보라면 장시간 들을 경우 귀가 아플 수 있다는 거예요 음량은 보통 3~4로 유지해서 엄청 크게 듣진 않아요 전에 쓰던 이어폰도 그랬던 걸 보면 제 귀 모양이 안 맞는 걸 수도 있는데 전 귀가 쉬어주는 시간이 필요했던 것 같아요 참고하시면 좋겠습니다열심히 썼는데 누군가에게 도움이 될진 모르겠네요ㅎㅎ 저는 잘 쓰고 있는데 사람마다 잘 맞는 게 다를 테니까 잘 비교해서 사시고 블루투스 이어폰 구매 성공하세요,1,
84,5,블루 색상 선택하였는데색상도 영롱하고제 귓구멍이 작은편인데 버즈 아니고는 귀에 들어가지 않은데귀에 쏙 들어오면서 성능도 너무 좋고 만족도 높습니다흰색이랑 고민했는데역시 스카이블루 너무 이쁘답니다~주변에도 추천해야겠습니당~그리고 투명케이스도 감사합니다~,1,
85,5,다들 받자마자 서비스센터 간다고 제조일자가 20년 2월이었다고 하신 분들이 많아서 걱정했었는데 다행히 8월 제작된 게 왔네요 흰색은 그럴 일 없대서 주문했는데 다행이에요ㅎㅎ배송도 수요일 도착 예정이라고 했는데 화요일 저녁에 도착했고 케이스랑 같이 주문했더니 두 개 같이 안전하게 왔습니다많은 분들이 말씀하셨던 부분 중에 하나가 거였는데 확실히 베이스가 조금 떨어진다는 느낌은 들었어요 골고루 잘 나오지만 약간 고음에 초점이 맞춰진 느낌 풍부한으로 맞추고 쓰니까 그나마 나은 것 같은데 사실 소리만 풍부해졌지 저음이 더 잘 나온다는 건 아니에요ㅎ 그래도  무엇보다크기는 비교할 게 없어서 단독으로 찍었지만 한손에 다 들어올 만큼 작아요 잘 들고 다닐 것 같습니다,1,
86,5,집 앞 대리점가서 구입한 버드 만족스럽게 잘 사용하다가 갑자기 오른쪽만 신호가 아예 안 먹혀 급하게 AS센터에서 서비스 받아 안심하며 집와서 수업 듣기 위해 착용했는데 웬걸 멀쩡하던 왼쪽까지 신호가 안 잡히는 황당한 일이이럴거면 아침부터 서비스센터는 왜 쫓아간건지 좀 어의 없고 화가 났네요 다시 서비스센터 갈까하다가 당장 월욜부터 온라인 수업도 들어야해서 토요일밤 급하게 배송 빠르고 조금이라도 싸게 살 수 있는 사이트 훑어 보다가 자정 다 되어서 주문했는데 주말 빼고 2일 걸렸네요 월욜 하루종일 수업 듣느라 무선 쓰다가 유선 쓰니까 불편하다는 아들때문에 배송 늦을까 걱정했는데 빠른 배송에 감사 드립니다 저번 버즈는 화이트 색상이라 깔끔하고 무난해서 좋았었는데 이번에는 산뜻한 블루로 주문했어요 블루 색상 강추 합니다 화면으로 볼때는 좀 더 짙은 블루같아서 촌스러우면 어쩌나 걱정했는데 배송 온 거 보니 화면보다 밝은 블루라 이뻐서 아들도 좋이라 합니다 이번엔 고장없이 오래 잘 사용했으면 좋겄어요,1,
87,5,처음에는 에어팟 프로를 구입할려고 알아보고 있던 중에 갤럭시에 어떻게 연결해서 쓰지 라는 의문을 가지고 유튜브 영상을 찾아보다가 조금 어렵겠다는 생각을 하고 바로 갤럭시 버즈를 구입할려고 했는데 갑자기 버즈 플러스가 나왔는 이야기를 듣고 바로 구입했는데 대만족합니다 사후서비스도 좋아요번창하세요,1,
88,4,통화음질이 괜찮고 노이즈도 안심해서 좋아요 그런데 지하철같이 사람 많은곳에서는 종종 끊김현상이 있고 전체적인 음질이 기대만큼 좋은편은 아닌거같습니다그래도 페어링 잘되고 전에 쓰던 무선이어폰보다 귀도 덜아파서 나름대로 만족하며 잘끼고다니고 있어요~,1,
89,5,확실히 이어폰만 사용하다가 요아이를 사용하니 신세계네요저는 핑크 신랑은 화이트 색상 구매했어요금요일에 주문했었는데 오늘 월요일 오전에 받았어요~세개중에 제일 작은것으로 교체하니 귀도 안아프고 편하게 듣고 있어요지금 밖에는 물폭탄 쏟아지는데 다행히 젖지않게 와서 기뻐요제꺼는 불량없이 편하고 좋은데 신랑은 퇴근하면 주려고 개봉 안했어요복불복이라는 상품평들이 있어서 걱정이네요편하게 잘 사용할께요,1,
90,5,가격도 여기가 제일 저렴하고 배송도 당일배송이라 빨리 왔어요 색깔도 너무 이쁘고 버즈 모델 썼는데 훨씬 가볍고 크기도 작게 느껴져요 플러스 사길 잘 한 거 같아요ㅎㅎ이때까진 아이콘x랑 버즈 다 까만색으로 썼어서 이번엔 다른 색을 해보고싶었어요 그래서 블루랑 핑크 화이트 중에 고민했는데 핑크는 질릴 거 같고 화이트는 안쪽색까지 하얘서 너무 디자인이 없어보여가지고 블루로 했는데 너무 예쁘네요ㅠ 안 질릴 거 같아용,1,
91,5,다른 쇼핑몰에서 구매하려고 봤더니 핑크 색상이 품절이거나 너무 비싸게 팔아서 알아보다가 구매했는데 저렴하게 잘 구매한 것 같아요 후기에 연결이 잘 안되서 서비스센터 갔다는 후기가 있길래 걱정했는데 연결 안되길래 인터넷에 검색해보니 완전방전인 경우 안된다길래 완충시키고 연결안되는 쪽 케이스에 넣었다 뺏다 반복하면서 빨간불 뜰 때 충전 다시 시키니까 완충되서 문제 없이 연결 되었어요 서비스센터 안가도 집에서 간단하게 연결하기 쉬워서 저렴한 가격에 핑크색 버즈 구매해서 너무 좋아요?,1,
92,5,파란색이라 혹시 색이 좀 튈까봐 걱정했는데 제 백금발에 파스텔 블루라 튀지 않으면서도 너무 밋밋하지않게 너무 예쁘게 조화롭더라구요 선 있는 이어폰 쓰다가 갈아탔는데 세상 이렇게 편할수가없어요 ㅠㅠ 제품도 최신 출고 12월 제품이라 진짜 만족스러워요 갸인적으로는 흰색 파란색보다 훨씬 좋은것같아요,1,
93,5,배송 전부터 문자로 해피콜 안내 보내주시고 배송도 엄청 빠르네요~오자마자 개봉했는데 휴대폰에 바로 연결됐어요 엄청 간편하네요~ 제조일자도 완전 최신이네요 ㅎㅎ9살 아들이 먼저 귀에 꽂았는데 잘 맞네요 ㅋㅋ 제가성인 사용할 꺼지만 아들이 탐내요~ 운동하고 산에 갈때 유선 이어폰 줄이 걸리적 거리기도 하고 옷 지퍼나 단추 심지어 귀걸이에 이어폰 줄이 부딪히는 소리가 귀로 다 들려서 무선으로 바꿨습니다 운동할때 무지 편할꺼 같고 음질도 좋고 귀도 안 아파요~,1,
94,4,사전 예약이라 빠른 배송을 받을 수 있지 않을까 했는데 거의 일주일 걸려서 오더라고요 처음에는 그 주 토요일 배송 완료였다가 수요일로 밀리고 이것만 기다렸는데 계속 늦어져서 속상했어요 막 쿠팡이나 11번가 최저가 가격도 떨어지고 거기가 더 빨리 온다는 말에 울기 직전이었던 기다리고 기다려서 제품 온 날 바로 열어서 가족들한테 다 자랑하고 다녔네요 요즘은 운동하러 나갈 때도 머리 귀 뒤로 다 넘기고 다닌답니다 나 버즈 플러스 블루다 자랑하고 다니는 중 버즈 귀 아프다는 분들 많아서 걱정 많이 했었는데 저는 아직 괜찮구요 블루 색상 너무 예쁘네요 케이스에 끼우면 자동으로 이어버드가 충전이 되어서 그런지 케이스 배터리 줄어드는 속도가 꽤 빠른 듯 한데 이건 원래 그런 건지 잘 모르겠더라고요 폰 고치러 삼성 서비스 센터 갈 때 한 번 물어보려고요 제품 색상이랑 기능은 다 좋은데 배송이 너무 늦어져서 별은 하나 뺄게요 ㅠㅠ 에어팟 프로는 가격 부담 너무 심하고 에어팟 2세대는 갤럭시 폰이 영상 볼 때 약간의 딜레이가 있을 거다 하고 갤럭시는 버즈지 하는 분들도 많고 버즈는 통화 품질이 거지라고 해서 플러스 존버했는데 존버는 성공인 것 같아요 블루 예뻐요 천년만년 함께 살자 내 버즈 ♡♡,1,
95,3,버즈플러스를 기존에 사용하다가 분실로인해 재구매하게죄었는데요일단 부족한점으로는 기존에 쓰던것보다 블루투스 연결부부분이 조금 약합니다귀에 조금만 뭐가 닿아도 소리가 바로 끊기고 블루투스 사정거리도 전보다 조금 더 짧아졌습니다사실 교환할까 고민도했지만 당장 필요하기에 일단 불편을 조금 감수해볼까합니다제가 운이 안좋은듯하니 다른분들에게는 정상적인 제품이 가기를 바래요그래도함께 구매한 철방지용 스티커도 너무 예뻐서 있어요ㅎㅎ,1,
96,5,판매처 고르다가 공식인증몰이 좀더 믿음직해서 여기서 구매했습니다 다른 유통사는 제조년월도 한참된거고 문제가 많더라구요배송은 하루만에 왔고 하자없이 잘왔습니다 제조년월도 8월이고 만족합니다제품은 갤럭시버즈랑 별차이점은 없고 그냥 버즈도 만족하고 썼기때문에 버즈플러스도 만족합니다,1,
97,5,귀가 작아서 늘 유선이어폰 끼고 다니다가 후기 정말 많이 보고 이 제품 구매했어요 음질 선명하고 정말 너무 편해요다른제품 구매한거는 너무 뭉툭해서 귀도 너무 아프고 블루투스 연결 잘안되서 여러번 연결할때도 있는데 버즈는 그냥 귀에 꽂으면 바로 연결되고 디자인도 넘 예쁘고~다만 인식이 너무 잘되서 손을 댈때마다 재생이 멈추기도 하고 오래 끼면 좀 아프기도 하고 뛰거나 그럴땐 빠져요이건 귀가 작아서 개인적인 이유가 크긴해요어쨋든 저처럼 다른거 실패하신분들은 버즈를 추천합니다♡,1,
98,4,더 윗버전들도 봤는데 음악 듣는것보단 통화용으로 쓰실거라요걸로 구매했습니다 제가 쓰고 있는데 나름 괜찮아서 같은걸로 했어요 친구가 최신버전인데 통화음질은 그닥 차이는 크게 못느낍니다 마스크 끼니까 어차피 도진개진 음원 들을 땐 확실히 더 좋겠지만 엄마는 통화용으로만 쓰실거라 플러스로 구매 해드렸어요사용감은 제가 써본 결과로 적겠습니다일단 귓구멍이 좀 작아서 그런지 살짝 흘러내릴 때 있긴 함 한쪽 귀는 이어폰 끼울자리에 피어씽 있음ㅋㅋ한번씩 고쳐 끼긴하지만 익숙해지면 안불편해옄ㅋㅋ그래도 혹시나 해서 지하철 이용할 땐 줄이어폰 쓰고 걷거나 버스탈 땐 이거 쓰고 있어요ㅋㅋ아빠 먼저 사드렸는데 자취하다보니 엄마가 아빠꺼 틈틈히 노리고 있는줄 몰랐네여ㅠㅠ 평소 이어폰 안써서 같이 안사드린건데 진작 사드릴껄ㅠㅠ 엄마가 좋아해요~배송빠르고 가격 저렴하게 잘 샀습니당,1,
99,5,깔끔하게 와서 선물 잘 했답니다저번주 일요일날 개봉해서 9일째 사용해본 결과이상 없이 작동되고 음질이 좋다고 하네요다만 노래를 듣는 것 보다 유튜브 같은 동영상을보면 배터리가 더 빨리 줄어드는 느낌이래요오래 쓸 것 같아요,1,
100,3,2020 akg 적용이라고 적혀있길래 다른 버즈 플러스보다 더 좋은 건가 하고 여기서 샀는데무선이어폰잘모름 도착 후에 다른 사이트 다시 봤더니 다른 버즈 플러스랑 똑같더라구요 가격도 더 싼곳 얼마든지 찾을 수 있었는데 그냥 네이버 검색 첫번째로 나오기도 했고 급 빨리 쓰고 싶어서 여기서 샀어요처음 무선 이어폰 써보는데 생각보다 가벼워요 첫 무선 이어폰으로 괜찮을 것 같아요,1,
101,5,버즈 사용하고있었는데 잃어버려서 플러스로 구입했어요 잠깐 들어봤지만 음질도 훨씬 좋아진 것 같고 케이스 열때 힌지부분도 부드럽게 변해서 더 좋습니다 약간 에어팟 힌지 느낌 전에 중간중간 멈추는 느낌이 없어져서 더 고급스러운 느낌이 생긴거 같아요 무광이 더 좋았는데 약간 반짝이는건 아쉽지만 그래도 전체적으로 만족해요 또 비교적 저렴하게 구입해서 좋았습니다 좋은제품 감사합니다,1,
102,5,2017년부터 에어팟 1세대를 써오다가 배터리 타임 때문에 버즈 플러스로 넘어왔습니다 현재 아이폰 xs와 갤럭시 탭s4를 사용중이구요 우선 버즈 플러스는 아이폰과 호환이 부족함 없이 잘됩니다 에어팟의 경우는 알림창에서만 배터리가 표시되지만 버즈는 알림창과 컨트롤 패널에서 둘다 배터리가 표시되며 갤럭시에서 쓰던 기능도 게임모드 이거 빼고는 그대로 다 됩니다 에어팟 1세대와 비교시 버즈가 페어링 속도도 좀 더 빠르구요 레이턴시는 에어팟이 더 짧습니다 다만 게임을 하지 않는다면 어차피 유튜브나 넷플릭스 같은 어플은 자동으로 보정되는 부분이니 걱정 안해도 될 것 같습니다 에어팟의 경우는 3년동안 열심히 써서 그런지 이제는 한시간 반만 돼도 배터리가 10퍼 남았다고 울립니다 에어팟으로 이미 충전 세번은 하고도 남았을 시간에도 80퍼 남아있는거 보고 진짜 전율 돋았습니다 배터리 타임 하나만 놓고 보더라도 정말 높은 점수 받을만합니다 사냥의 시간 에어팟 25번 충전하면서 봤습니다 착용시에  다만  또한 오픈형에서 오는 착용감도 에어팟이 더 낫습니다 에어팟도 음질이 충분히 괜찮지만 버즈플러스 이큐 잘 만져주면 에어팟보다 낫습니다특히  이건 좀 단점이라고 봅니다 톤플러스를 시작으로 블루투스 생활을 5년동안 해보니 제 입장에선 적당한 음질은 내준다면 배터리 타임이 가장 중요하더라구요 에어팟 배터리 타임이 짧아지는 것을 보면서 많이 절감하였습니다 버즈로 교체한 이유는 음질이나 호환 문제가 아니라 오직 배터리타임 때문이었습니다 그 부분에서 대만족이구요 세부 디테일 케이스 내부 플라스틱 재질 자성 세기 기본 폼팁 스타일 음악 나오는 부분 철망 짜임새와 재질에서 에어팟에 비해 어설프고 아쉽지만 갤럭시 버즈 시리즈 존버 해봐도 괜찮을것 같아요 13만원대에 이정도면 충분히 괜찮아요  도서관에서 오랫동안 음악을 감상하시거나 인강을 보시는 분 영화나 미드 몰아서3편 이상 많이 보시는 분  버즈 평소 1회 음악 감상이 두시간 이내 미드50분짜리 두편 정도로 보시는 분 에어팟 가셔도 좋습니다 ,1,
103,5,우선 배송이 빠르고 품질이 좋았습니다많은 분들이 하자가 있는 제품을 받았다고 해서 살짝 걱정 했었는데 다행이도 양쪽 모두 건강한 아이들이 왔습니다 화이트보다 하늘색이 더 예쁠 것 같아 주문했는데 역시 이쁩니다 선물 받은 사람이 매우 만족 했습내다,1,
104,5,받아서 잘쓰고 있어요~ 동생이 갤럭시 버즈 써서 들어봤었는데 확실히 버즈 플러스가 통화음질이 너무 좋아졌어요 이전에 가성비 좋다는 5만원짜리 다른 이어폰 사서 써보다가 통화음질에 실망하고 바로 반품했거든요 근데 이건 적어도 이질감은 없는 것 같아요최대 장점은 배터리 시간이 길다는 것 같습니다 페어링도 잘 되고 한쪽만 연결해도 잘 돼요~저는 만족하지만 굳이 단점을꼽자면 주변소음듣기는 좀 자연스럽진 못 하단 점 보청기 낀것처럼 좀 더 크게 들려요ㅋㅋ에팟을 안 써봐서 노이즈 캔슬링이 얼마나 좋은지 모르겠지만 버플은 커널형이라 동영상이나 음악 들을때주변 소리 잘 안들려서 방해는 안 돼요배송도 빨리 오고 양품인것 같습니다,1,
105,5,전반적으로 음질에 매우 만족합니다 고급오디오도 써보고 헤드폰도 이 보다 비싼 제품도 써보았지만 이 가격에 이 정도 소리면 매우 훌륭하네요 소리가 자연스럽고 밸런스가 잘 자힌 편이고 해상력이 고역대에서 조금 부족하긴 하지만 가격 생각하면 충분히 감안할만 하네요 기기간 자연스럽게 전환되어서 그 점도 좋습니다 다만 주변소리 모드 시 풍절음 소리가 크고 기기를 귀에 끼울 때 터치가 눌려서 의도치 않은 작동을 한다는 점만 빼면 매우 좋은 이어폰입니다 추천합니다,1,
106,4,나의 갤럭시버즈 플러스 BTS에디션차이팟만 쓰다가 첨으로 큰돈 질러서 산 보라돌이 버즈플입니다 보라색과 검정 하트가 너무 예쁘고 봐도봐도 역시 잘샀구나싶더라고요 왜 사람들이 예뻐서 지르는가싶었는데 내가 원하는것을 지른다는건 상상이상으로 뿌듯한 일이더라고요,1,
107,5,음악만 들을때는 음질 위주로 사용중 오래사용하다보니 통화를 할때 상호간에 끊기는 현상이 많아 상대방 문제인것으로 알았지만 음악과 통화를 잘 사용하려면 헨폰과 궁합이 중요하다는 것을 버즈사용해 보니 알겠습니다그동안 디테일한 사용에 무관심했는데 그게 아니고 아는만큼 관리가 가능하고 쉽게 사용할수  좋아요특히 외부음 기능 최고 보청기보다 휠신 좋은것 같아요진작 알았으면 어른신 보청기 수백만원 절약초기 보청기 사용해야 할 경우 버즈에 익숙해 지면 더 좋을것 같습니다,1,
108,5,하루만에 총알 배송 받았어요ㅎ우선 블루투스 연결 간단하고 앱 다운받아서 시범 사용 해보니 간단 하고 좋은데요~귀에 알맞게 끼우기 좋긴한데 살짝 빠질까 걱정 되네요귀에 끼우면서 자꾸 터치가 되니까조금 거슬려서 꾸욱 눌러서 작동하기를 하니까 작동 되지않네요 ㅠ 제가 잘 못해서 그런가 공부를 해봐야겠네용버즈라이브랑 플러스랑 고민하다가 플러스로 결정했는데탁월한 선택이었기를 기대하면서 열심히 사용해보렵니다9만 9천 아주 좋은가격으로 득템 합니다,1,
109,5,케이스가 블로그나 리뷰에서 본 것보다 작고 아담해서 일단 신기했고 버즈 앱도 그렇지만 핸드폰으로 노래를 켜놓고 무선이기 때문에 폰은 책상 위에 두고 버즈로 노래를 들어면서 방을 마음대로 돌아다닐 수 있어서 너무 편하고 좋았습니다 배송도 빨라서 좋았습니다 제품 디자인도 마음에 듭니다 잘 쓰겠습니다 감사합니다 참 음질은 당연히 선으로 연결한 이어폰 또는 헤드폰 만큼 좋지는 않다는 것을 참고해주세요,1,
110,1,후기 한줄 요약  여기서 사는 흑우가 없길 바랍니다차라리 중고나라가 좋다겔럭시 버즈  자체에 결함이 있습니다 그건 현재 삼성디지털 프라자에서 구매를 하여도 있는 문제입니다 그러나 만일 삼성에서 구매를 하였는데 기기 불량이 있었다면 어떤 서비스를 받았을까요 아마 삼성에서 그부분은 전부 무료로 진행이 되었겠죠이곳 업체에서는 기기불량이 있을수 있다 라는것도 자세히 판매하는것에 나와있지 않고 기기불량이 나와 교환 환불을 요청하였더니 삼성에서 서비스를 받는것을 동의한 상태로 제가 구매했다고 이야기를 하더라구요  하지만 제가 이런 서비스를 받으려고 15만원이나 주고 이어폰을 구매 한것이 아니겠지요ㅎㅎ 그리고 15만원이나 주고 구매를 하는건데 정확히 구매이후로 본사에서 서비스를 받을 수 없다고 나와있지도 않습니다 무슨 중고나라에서 거래하는줄 알았습니다또한 저의 경우 다른 부모님께 선물을 주기위하여 구매를 하였는데 기기불량이 나왔습니다 그러나 부모님께서도 평일에 회사를 다니시기에 평일엔 서비스센터를 방문 할 수 없었습니다 그리고 저 또한 부모님와 함께 생활을 하지 않고 있기에 제가 바로 기기불량을 해결 할 수 없었죠 그래서 반품신청이 안된다는 이야기를 듣고 구매처에 연락을 하여 저의 집으로 발송해달라 했더니 다시 부모님 댁으로 갔더라구요 그래서 택배가 배송이 잘못 되었다고 다시 택배 우리집으로 보낼태니 혹시 택배비 보내주실수 있냐라고 물어보니 보내주시겠다고 했습니다 그러나 1달째 입금이 안되고 있습니다배송비 입금 해달라고 하면서 입금이 안되어서 리뷰를 작성했더니 이젠 고소 하겠다고 하네요 돈을 대가로 업체 협박을 했다고 그리고 핸드폰문제라고 하시는데 ㅋㅋ 복사 붙혀넣기 하실거면 리뷰 관리 하지 마세요 택배비 5000원까지 판매자에게 ㅎㅎ정말 까놓고 말해서 어느 판매처에서 이런식으로 고객을 응대하는지 모르겠습니다 정확한 정보전달도 되지 않고 연락도 안되고 심지어  거기에일처리도 정확하지 않네요  차라리 중고나라 이용하세요~,0,
111,5,전에쓰던 저가 이어폰보다 훨씬 좋긴하네요통화용으로 쓰는데 잡음도없고좋네요첨엔윙팁중으로썼는데 귀가아파서 뿔없는소형윙팁사용으로문제해결휴대폰 박살나서 일단 저가형 겔럭시a42쓰고있는데 빅스비지원안됨하지만 이어폰 길게눌러보니 구글어시스턴트지원되네요단점이라면 이어폰터치가 불편하네요쓰다보면적응되겠죠,1,
112,4,실망했어요 별로에요 음질이 좋아졌다더니 qcy만도 못해요 사과랑은 비교도 안돼요 미세하게 지직거리는 잡음이 너무 심해요 카세트테이프듣는 기분이에요 귀에 잘 맞지도 않아서 자꾸 빠져요 삼성 버즈 시리즈 한 번 경험해본걸로 만족할래요 블루투스 연결은 빨라요,1,
113,5,받자마자 연결했는데 저는 오른쪽이 연결이 안되더라구요ㅠㅠ버즈플러스가 이런경우가 많다고 미리알고있어서 크게 당황은 안했습니다케이스에 잘되는쪽만넣고 충전을 어느정도 해주고나서 잘되는쪽은 빼고 방전된쪽만 넣고 다시 충전을 진행해 주었어요 방전된쪽은 케이스에넣고 5초~30초 기다리다보면 금방 초록불로 바뀌더라구요 이러면 충전이 제대로 안되는거니까 계속 다시 넣어줘야돼요 한 20번은 시도 한거같아요 ㅠ 결국 충전성공하고 써보니 그뒤로는 정상작동 합니다~ 저도 다른분 후기나 블로그보고 찾은거라서 제글이 이해안되면 인터넷에서 찾아서 그대로 해보시면 될거같아요 ~,1,
114,5,작년에 갤럭시 버즈 사용해 봤었는데 좋아서 플러스를 구매 했네요~ 월욜에 주문해서 수욜에 받고 사용해 봤는데~ 만족해요~ 20년 1월~3월에 제작 된 제품은 버그라고 해야 하나 한쪽이 인식이 안되는 버그가 있다고 하던데~ 이것도 그래서 인터넷 검색에 나와있는 방법으로 해보니 인식도 잘되고~ 블루투스라 역시 편하네요~ 잘쓸게요~~ 버그 해결방법은 인식이 안되는 이어폰만 케이스에 넣고 빨간 불이 들어오게 만들어서 충전을 하는 방법이에요~ 여기서 주의 할 점은 한쪽 이어폰을 케이스에 넣으면 빨간 불이 들어 왔다가 3초쯤 지나고나서 초록 불이 들어 오는데~ 이러면 충전이 안되서 3초가 지나도 초록 불로바뀌지 않고 계속 빨간 불이 들어오게 만들어야 되요~ 넣다 뺐다를 반복하거나 넣은 상태에서 이리저리 눌러 보면 빨간 불이 유지 될 때가 있는데~ 그러면 그때 30분 정도간 충전 하고 폰이랑 연결 해 보면 양쪽다 연결이 되요~,1,
115,4,최근에 나온 제품 다 필요 없고 그냥 무조건 배터리 오래 갔으면 좋겠다 해서 구매했는데 그 부분은 만족스럽습니다 한번 착용하고 1시간 넘게 음악 들어도 배터리 90대 더라구요 그런데 짧게 음악 듣고 케이스에 넣어두면 배터리가 98여도 케이스 밧데리는 계속 써야하니까 케이스 배터리가 빨리 닳는 것 같아요 그리고 오래 착용하면 왼쪽 귀가 아픕니다 워낙 귀가 작아서 오픈형은 자꾸 빠지는지라 커널형 구매했는데 아픈건 어쩔 수 없더라구요 그리고 최근에 이어폰 고무 부분이 피부 트러블 염증을 유발한다는 얘기가 있어서 착용 하기가 좀 조심스러워지네요,1,
116,2,ㅋ 버즈 플러스 아버지 사다드리는데 미리 13월샹산제품은 버그가 있다라던지 불량이라던지 말을하던가 하 연결도 안되다 몇시간만에 되고 기껏연결하니 한쪽불량 ㅋㅋㅋ 제조년월도 뜯어놓는 클라스가  내일 서비스센터 가야겟네 차라리 에어팟을 살걸,0,
117,4,생일선물로 구매했습니다레드 컬러는 흔치 않아 선물하기에 희소성 있다고 생각하고 구매출시 월에 따라 펌 업데이트가 안된 상품이라는걸 알아서 조금 걱정 한것은 사실입니다구매 후 사용하는게 당사자라면 상관없지만선물용인데다가 무선이어폰 처음 쓰는 사람에게 설치과정이 다소 복잡할수도 있단 부분은 조금 염려되는 상황이긴 했습니다물론 미리 얘기는 해 두었고  우선 배송상태는 120 빠르게 배송되었고 포장상태도 좋았습니다단 염려한대로 폰과 연동부분에서 버벅거려 하룻동안 매달렸는데도 불구하고 설치못했다고 연락이 왔습니다ㅠㅠ결국 평일에 삼성 센터를 가서 업데이트를 했다고 하네요새상품인데 불량 받은 것 같은뭔가 모를 이 마음은 조금 아쉽네요그래도 빠른 배송에 만족합니다 별탈 없이 선물 받은 분이 오랫동안 사용하면 좋겠네요실제 배송 받고 받은 사진입니다그리고 선물 받은 분과의 대화내용 첨부합니다,1,
118,5,배송도 빠르고 가격도 괜찮습니다어제 주문했는데 오늘 바로 받았네요ㅎㅎ포장도 꼼꼼합니다오자마자 기존 버즈와 비교해보니 확실히 개선된게 많은거같네요ㅎㅎ기존꺼는 무광이라면 버즈는 광이 나네요ㅎㅎ~,1,
119,5,주문 바로 다음날 출고해주셔서 빨리 받았어요 상품은 8월에 만들어진걸로 보내주셔서 좋았어요 혹시 불량이 오진않았을까 걱정했는데 다행히 양쪽 모두 충전이 잘된 상태로 왔어요 바로 연결해서 들어봤는데 아무이상없었어요 아주 만족합니다,1,
120,5,무선 이어폰은 혁명이고 무조건 배터리가 길어야 좋습니다ㅜㅜㅜ그런 점에서 버즈 플러스는 최고입니다개인적으로 최근에 나온 버즈 라이브 정말 기대하고 기다렸는데 귀가 작아서 버즈라이브는 안 들어가더라구요그래서 그냥 버즈플러스 구입했는데 사용시간도 길고 누음바깥으로 독서실에서 이어폰 주로 쓰시는 분 귀가 작은 분은 오픈형으로 소리가 잘 새고 배터리 사용시간이 짧은 라이브보다는 버즈플러스 추천합니다 ,1,
121,4,배송은 빠르고 안전하게 잘 도착했습니다케이스는 생각보다 장난감 느낌이 강한 핑크였습니다 그래서 조금 많이 실망이었구 핑크 색상을 5천원 더 받는게 무슨 이유인지 궁금하네요 성능이 더 좋나요버즈는 65퍼센트정도 충전상태였습니다연결도 간단하고 소리도 잘들리고 통화도 상대방이 상당히 잘들리고 좋다고 하네요다 좋은데 색이 생각보다 상당히 장난감 스러워서 착용했을때  반짝이는 부분은 어차피 머리에 가려서 잘 보이지도 않고 플라스틱 장난감 핑크는 겁나 잘보여요커널형이라 S사이즈 고무를 끼워도 귀 속을 채우는 답답함은 어쩔 수 없네요무선이어폰 필요없는데 핑크색상 나왔다길래 그거 하나만 보고 구매했더니 버리기 참담쓰하다 혼란하다 혼란해,1,
122,5,다괜찮은대 한쪽이 설정이안되서 검색해보니 버그걸려서그렇타고 되게하려면 센터가서 한쪽업대이트 시켜야함 거기서만됨 인터넷 검색한대 보니 20년 1월~3월까지 제조일은 한쪽이 켜지지도않는다고 꼭서비스센터 가서 시켜야한다고 나와있었음 그거빼고는 검나좋음 센터없댓 말고는 불편한거없음 진짜잘들리고 잘됨 잘쓰겠어요 이거 한번만 센터가면 안가도됨,1,
123,5,우선 배송이 엄청 빨랐어요 처음으로 무선이어폰 장만하는거라 배송 빨리오길 바랬는데 하루만에 보내주셨더라구요 감사합니다저는 아이폰 사용하는데 에어팟은 너무 비싸기도 하고 갤럭시 버즈 플러스 핑크색이 너무 갖고싶어서 샀어요 저렴하게 정말 잘 구입했습니다다른 리뷰들 읽어보면서 삼성서비스센터 갈 각오로 구매했었는데 제껀 처음부터 정상적으로 작동했어요 원래 애플 정품 라이트닝 유선 이어폰 사용했었는데 음질도 별 차이없이 짱짱입니다 그리고 앱이랑 연동가능해서 배터리나 이어폰 음질관련 조정을 쉽게 할 수 있어서 좋았습니다색은 사진상이랑 비슷해요 딸기우유색이고 정말정말 이쁩니다혹시 고민하시고있다면 구매하는거 추천드립니다,1,
124,4,수요일 주문해서 토요일 왔고요 휴대폰은 lg v30 써요 저는 음질에 관심도 별로 없고 막귀인 사람이여서 음질부분에서 버즈가 다른 싼 무선이어폰보다 좋은 건 알겠는데 엄청나게 좋은 지는 잘모르겠어요 근데 기능이 많은 게 정말 좋은 것 같아요 휴대폰을 만지지 않고도 조절할 수 있는 게 많고 특히 제가 대중교통을 이용할 때 잘 자서 저한테는 주변소리 듣기 기능이 가장 좋게 느껴졌어요 뽑기 운이 좀 있는 것 같은데 저는 다행히 문제 없이 왔어요 흰색이랑 하늘색 고민을 많이 있는데 전체적인 색상은 하늘색이 좋은 것 같은데 버즈 특유의 아우라 글로우 약간 빛 정도에 따라 푸르고 맑게 보이는 느낌은 흰색 버즈에서 더 잘보이는 것 같아요 음향에 관심없는 저도 한번쯤은 사볼 수 있는 제품이라고 느꼈어요 아무래도 가격적인 면에서 생각해봤을 때 이 품질에 이 가격이 합리적인 것 같고  팁이 여러게 있어서 귀에 맞게 조정할 수 있어서 좋아요 버즈빈이 8월 출시라고 해서 고민이 좀 됬는데 전화도 잘 안하는 편이고 저한테 노이즈캔슬링 기능은 그닥 필요하지 않아서 버즈 플러스가  다만 아쉬운 점은 배송이랑 포장이요배송 과정에서 상자가 찌그러진 것 같은데 전자기기이니까 이점은 보완해주셨으면 좋겠어요,1,
125,5,저희 회사 상사분께서 대신 구매해달라고 하셔서 대신 주문했는데 분명 어제 주문했고든요게다가 저희 당일배송이 힘든 지역인데도 오늘 오후에 받아서 진심 상사분이랑 호우우 소리쳤습니다그리고 색감 왜이렇게 이쁘조 상사분 취향이라 시키긴 했다만 실물파에요 완죤 이쁌글구 문제없이 페어링 성공했구 뚝딱 걍 연결 돼쑴  ?좋은 제품 빠른 배송 감사합니다?,1,
126,5,무선쓰다보면 유선은 못쓰겠더라고요 음악감상을 주로 사용하고 가끔 드라마나 영화를 보는데 기존에 너무 잘 사용하던 ㅍㅅㄴ제품은 구매한지 오래되어 사용시간이 너무 짧아 ㅅㅋㅇ 제품을 구매했더니 불량이오고  귀찮게 접수해가며 교환받았더니 또 불량  성질만 버리고 역시 기계는 삼성이라며 구매하려던 찰나에 타임딜 떠서 저렴하게 구매했어요 수량이 금방 빠질까봐 마음이 급했는데 웬만하면 무선이어폰 하나씩은 갖고계시는지 생각보다 수량이 확확 빠지지는 않더라고요 신랑의 권유 강요로 블랙 먼저 구매했다가 영 마음에 안들어서 ㅋㅋㅋ 저는 블루로 추가구매했어요 타임딜가는 아이디당 한번씩만 적용되는것같더라고요 중고등학생때부터 이어폰을 많이 사용해서그런지 저는 30대 초반임에도 가는귀가 먹었어요 ㅋㅋㅋㅋㅋ 왜 그런분들 계시죠 못 들었는데 분위기상 들은척 할 수밖에 없는 ㅜㅜ 제가 그런데 주변소리듣기는 정말 신세계에요 ㅜㅜ 아마 보청기를 낀다면 이런 느낌이 아닐까싶을정도로 주변 소리가 너무 잘 들려요 ㅜㅜㅜㅜㅜ 물론 깔끔하게 들리지 않고 약간 기계음처럼 큰 소리는 살짝 지지직 거리는것처럼 들리기도하는데 실험실로 4단계까지 높였더니 못 알아듣는 말이 없어요 ㅜㅜ 마스크때문에 입모양도 알아보기 어려운 요즘이었는데 정말 최고에요 ㅜㅜ 팁은 SML 3개가 들어있고 기본은 M사이즈가 껴있는데 L로 바꾸니 케이스에 착하고 붙는 느낌이 덜한듯해서 다시 M사이즈로 바꿔 사용중이에요 핸드폰도 갤럭시라 등록하기 너무 편했고 보통 이어폰 잔량만 나왔다면   터치감도가 예민하다는 평이 종종 보였는데 터치부분을 건드리지 않고 잡을 수 있게 디자인되어 익숙해지면 그 부분도 신경쓰이지 않을것같아요  ㅅㅋㅇ제품 쓰면서 성질 다 버렸는데 다시 평온을 찾게되었어요 역시 기계는 삼성,1,
127,5,포장에 작은 흠집은 거의 보이지않을 정도로 작았고 휴대폰과 연결은 거의 열자마자 되었어요 매우 편리했습니다매일 집까지 데려다주고 혼자가는 남친에게 생일선물로 줬는데 제 맘이 다편하고 좋네요무선이어폰은 신세계에요,1,
128,1,저만 물건을 이렇게 받은건지 궁금하네요여태 물건 사면서 이런경우는 처음이에요이렇게 리뷰를 달고 싶지않았는데 삼성이라는 이유로 이렇게 행동하는건지 인지도가 높아졌다고 어짜피 파나마나 살사람은 산다 심보이신건지 궁금하네요물건을 받았는데 박스포장상태가  영  엉망이에요일단 박스는 뭔가 재사용 하는건 좋은데 테이프 하나 띡 붙여 보내주셨어요안에 내용물을 에어팩에 해주신건 좋았지만 물건이 흔들흔들 ~그럼 에어팩을 하나마나 아닌가요전자기기인데 안에 에어팩이라도 꼼꼼하게 되어있더라면 화가 안났을거같아요케이스만 산것도 아니고 이어폰을 구입한건데 그냥 문제가 있으면 삼성전자 서비스 가서 수리받고 써라 심보인듯 싶으신거 같아요받자마자 내용물은 뜯어보지도 않고 문의 드렸는데도 물건은 잘 보냈는데 이동중에 흐트려졌다 문제 있으면 서비스센터가라  그냥 끝이네요구입하실분들은 잘 참고하시고 매장가서 구입하세요 제가 예민한건지 모르겠지만 코로나 사태로 매장에 가기가 애매해서 검색하고 후기도 좋고 돌아오는건 물건 팔았으니 상관없다 라는 마음으로 이제 끝났으니깐 서비스센터 가라는 심보가 너무 아닌거 같네요,0,
129,5,벌써 한달 넘게 사용함음질은 괜찮은 편임이전 qcy 보단 좀더 깔끔하고 풍성한듯단 금액만큼 체감이 크진 않음벗 배터리 오래가고 사용하기가 너무 편함갤럭시 폰이랑 궁합도 잘 맞는듯작아서 휴대성도 좋고안좋은 평이 있어서 내심 걱정했는데기우였음누가 사도 되냐고 물어보면 저극추천 할듯늦은 감이 있지만 케이스 고르는 중ㅋ이만,1,
130,5,갤럭시 버즈플러스 블루 잘 사용하다가 잃어버려서ㅠㅠ 큰맘먹고 몇달만에 재구매 했습니다 케이스 맞추기 쉽게 화이트로 구매했구요 과방전 문제 많이 걱정했는데 화이트라 그런지 10월초 구매했는데 8월 생산제품으로 잘 왔더라구요ㅎㅎㅎ 혹시나해서 받자마자 테스트 먼저 해봤는데 연결도 잘되고 소리도 잘들리네요ㅎㅎ 만족합니다 배송도 하루만에 도착했어요 감사합니다~~,1,
131,5,금욜 오후에 주문해서 토욜 오전에 바로 받았습니다파란색 너무 이쁘고요통화 음질도 좋았습니다노트8 쓰는데 블루투스 연결도 자동으로 되서 편합니다제일 중요하게 생각하는게 배터리인데 처음 충전시키고 이주동안 계속 쓰고 있어요 하루 한시간 정도 쓰는거 같은데 케이스에 넣어놔서 그런지 오래 쓰네요그리고 귀가 안 아파요 사실 이렇게 비싼 이어폰을 쓴 적이 없어서 비교는 못 하겠는데 듣다가 잠든 적도 있을 정도로 편합니다주변에 아이팟만 써서 어떻게 끼우는지 몰라서 처음에는 대충 끼우다가 잘 빠진다고 생각했는데 버즈 쓰시는 분이 그렇게 쓰는거 아니라고 뾰쪽한 날개 부분을 귓바퀴 안에 쏙 넣어서 제대로 끼우는 방법 알려주셔서 이제 안 빠지네요단점이라면 애가 너무 예민해서 머리카락이라도 닿으면 음악이 자꾸 멈추고 넘어가고ㅋㅋㅋ설명서대로 두번 눌러서 이전곡되고 세번 눌러서 뭐하고 그런건 잘 안되네요ㅜㅜ 걍 한번 눌러서 정지 재생 기능만 쓰고 있어요,1,
132,5,우선 빠른 배송으로 제품을 받을 수 있어서 좋았습니다 무선으로 이어폰을 처음으로 사용하는데 너무 편하고 좋습니다 한쪽 이어만 사용해도 잘들리고 음질도 좋습니다 상대방도 잘 들린다고 하구요 선이 없는 자유로움이 이렇게 좋은 건지 처음 알게 되었습니다 제조년월도 20년 11월 최근꺼라서 더욱 좋습니다배송 받은 날 부터 불편함 없이 잘 사용하고 있습니다,1,
133,1,블루색상 주문하고 배송도 그럭저럭 뭐 빠르지도 느리지도 않았습니다선택한 색상은 마음에 들었고 이런 제품의 상세한 기능까진 잘 느끼지못하는 막귀라서 음질이 좋다나쁘다도잘 모르겠어요그냥 잘들리고 사용하기 편하고 좋아요다만 제가 빡치는건 처음 제가 받았을때 상세페이지에서도 적혀있듯이 한쪽이 과방전으로 충전이안되서 전화했더니 저보고 직접as센터로 가보라더군요가서 불량인거 확인되면 교환해준다고이때부터 어이털렸는데 문제는 제가 그거 확인받으러 지금 코로나로 어지러운 이시국에 as센터가서 제시간을 4시간이나 허비하고 업그레이드 하나 받고 왔다는겁니다업그레이드가 안되있어서 그런거라구요ㅡㅡ진짜 개짜증났네요이럴거면 제가 오프매장가서 몇만원 더주고샀지미쳤다고 인터넷에서 샀겠어요왜 불량확인을 구매자가 개인시간들여가며 직접 as센터를 가야하는지 아직도 노이해고 이렇게 응대해주는 판매자가제가 사용하다 문제가 생긴것도 아니고 핸드폰에 연결시키자마자 나타난 증상인데 개어이없음편하게 집에서 구매하려고 했다가 돈은 돈대로쓰고 내시간은 내시간대로 쓰고 왔다갔다하는 기름값에이런건 어찌보상해줄건데요그렇다고 주문하고 다음날 칼배송을 해준것도아니고하진짜내돈내산인데도 기분 되게 더럽ㅡㅡ,0,
134,5,장점2마넌대 쓰던사람 눈높이로1긴밧데리 재생시간2통화품질 좋음3음량조절 짱단점ㅡ아무래도 비싸다ㅋ오전에 주문해서 담날바로 수령했어요몇천원 더 싼곳도 있던데 후기가 안좋더라구요그래서 후기많고 검증된 이샵에서 구매했구요몰랐는데 저번에 남친생일선물도 동모델 블랙으로 이곳에서 주문했드라구요ㅋ한두달 전보단 쿠폰써서 몇천원더 싸게 샀네요2만원대제품 밧데리3시간짜리두개로 번갈아 들었는데그건 음량을 젤 작게해도 컸었는데 버즈는 조절되서 좋구요싸구려는 듣다가 저나오믄 통화상대가 잡음 많고 잘 안들린대서 블투를 끄고 통종료후 다시켜야하는게 엄청 짜증났는데 이젠 안그래두 되는게 넘 좋아요이틀째 사용중인데 막귀라 음질은 좋아졌나싶은정도ㅋㅋ,1,
135,5,선물한 거였는데 주변소리 기능커널형으로 알아보고 프로와 플러스 둘 중에 고민했는데 노이즈켄슬링과 음질에 크게 신경쓰지 않아서 가성비 좋은 플러스로 했는데 기존 버즈보다 통화음도 좋고 특히 주변 소리 듣기 너무 마음에 들어용,1,
136,5,배송은 당일 발송해주셨고 물건은 잘 수령했습니다 제품을 받고 4시간 정도 사용 후 리뷰 작성합니다 디자인은 전작과 비교해 크게 달라진점은 없지만 유광마감이 케이스를 포함해서 실물이 낫고 색감도 이쁩니다 커널형 이어폰이라 ANC기능이 없어도 차음성이 좋은편입니다 주변 소리 듣기 기능음성 호출 등 유용한 편의 기능이 많고 갤럭시와의 호환은 케이스를 여는 순간 바로 페어링돼서 편했습니다 아쉬웠던 통화품질도 많이 개선되었으며 음량조절이 유닛으로 가능한 점도 만족스럽습니다 다만 터치패드의 민감도가 높고 불륨조절의 경우 진동감지방식이라 익숙치 않은 상태에선 불륨을 키우거나 줄일려고 유닛을 두드리려다 음악을 정지시키는 일이 잦았습니다 이 점은 유닛의 구조상 구분감이 어려운 만큼 사용자가 익숙해져야 될 부분인것 같습니다 레이턴시 지연시간은 음악을 듣거나 영상을 시청할땐 만족스러웠고 게임모드는 리듬게임이나 FPS게임 등에선 싱크가 완벽히 맞진 않았습니다 게임모드가 기대보단 다소 아쉽긴하지만 무선이어폰으로서 지연시간이 많이 줄어든게  음질은 고음과 저음의 벨런스가 잘 맞아 무난한편이고 EQ를 통해 취향껏 설정해서 들으시면 될 것 같습니다 배터리타임과 착용감에 대해선 좀 더 사용해봐야 정확히 알겠지만 케이스와 착용감은 3~4시간 연속으로 사용하는동안 통증이 있거나 불편한 점은 없었습니다 고개를 흔들거나 뛰어도 유닛이 귀에서 떨어지지도 않았구요 여러모로 무난하며 다양한 편의 기능을 제공하는 만족스러운 제품입니다,1,
137,5,버즈 플러스 정말 갖고싶었는데 이제야 사서 쓰게 되네요 전자기기를 인터넷에서 처음 사보고 처음 써보는거여서 많이 걱정도 했지만 더 더욱 걱정됐던건 과방전으로 인해서 한쪽이 안된다는 리뷰들을 많아서 불안했는데 많이 걱정했던거 보다 배송도 빨리왔고 배터리도 넉넉하게 있는 상태라 안심했습니다 정상적으로 두쪽 다 들리고 잘사용하고 있습니다 이제 하루종일 끼고 있을거 같네요~,1,
138,5,주문을 목요일인가 금요일에 했는데 화요일에 배송이 왔구요 큰맘먹고 이번에 버즈 처음 사봤는데 정말 유용하게 잘 쓰고 있습니다 통화 품질도 괜찮은 편이구요 노래도 잘 들리고 귀에 꽃고 있어도 주변 소리 듣기 기능이 있어서 대화도 원활하게 얘기 할 수 있습니다 흰색이 제일 무난한 편인거 같아서 샀는데 깰꼼하니 좋구만융~ 싸게 사서 행복하네용ㅎㅎㅎ 많이 파세요~,1,
139,5,어머니 환갑생신이라 선물로 사드렸습니다 원래는 목에 걸어서 사용하는 블루투스를 사용하셨는데 고장이 나서 이반기회에 좋은 이어폰하니 사드리고 싶었어요 다행이 어머님도 사용해보시고는 편해서 좋아하셨어요 컬러도 심플하고 깔끔한 화이트컬러로 음질도 너무 좋아요 손가락으로 가볍게 톡톡 터치하면 재생 일시정지 다음곡 재생이 가능해서 어머니가 사용하시기에도 너무 편하다고 하십니다ㅎㅎ 좋은가격에 너무 잘 산거 같아요 감사합니다 수고하세요,1,
140,4,터널형 이어폰이라 그런건가 아주 살짝 헐렁한 느낌은 듭니다만빠진 일은 없고 잘 쓰고 있어요뚜껑 열면 자동으로 페어링이 잘 되다가 안될 때도 있는데 그 때는 3초만 양쪽 눌러주면 되니까 굳이 핸드폰으로 음악 켤 필요 업어서 편하네요,1,
141,4,갤럭시 아이콘 쓰다가 못찾겠어서 프로랑 고민하다 질렀는데 박스 뜯고 바로 원래꺼 찾았다는 ㅜ 음질 좋다고 해서 기대했는데 개인적으로믄 아이콘 음질이 더 좋게 들려요 요건 좀 챙챙 된다고 해야하나 저는 이어폰은 음질 위주라 개인적으로 좀 별로네요ㅠㅠㅠ 착용감은 아이콘쓰다 쓰면 헐렁합니다 ㅜ 아쉽네요 디자인예뻐서 기대했는데 저는 커널형이 맞고 이번프로 디자인은 개인적으로 별로라 암튼 아이콘 가지고 계시는분들은 존버하셔도 좋을듯,1,
142,5,부모님 사드렸는데 너무 좋아하세용 프로가 외이도염 걸리는 분들이 많다고 들어서 버즈 플러스로 샀는데 이것도 좋다고 하시네요 근데 와이파이랑 같이 사용할 때 간섭이 좀 일어나는 것 같은데 다른 분들도 그러신가 궁금하네요ㅠㅠ,1,
143,1,제가 못읽은건지 모르겠는데 박스를 재사용 하면 한다고 써놔주세요 환경보호의 취지에서 다시 사용하는건 좋은데 저는 새상품을 구매했는데 말도없이 헌 상자가 오면 좋을 것 같진 않네요 버즈 선물할거라 개봉은 아직 안했는데 버즈까지도 반품된건 아닐까 신뢰가 떨어져요 뽁뽁이 포장도 전자제품인데 너무 얇네요 소리 안들리면 바로 고객센터 갈게요 배송 빠른건 좋았습니다,0,
144,4,버즈 사용해봤구요 버즈가 당시엔 유선보다 안 좋았습니다 중소기업 무선블투쓰다 페어링 자꾸 에러나는 문제로 결국 버즈 선택했구요 때문에 빠 그런거 아닙니다 음질은 에이징을 미리했나 싶을정도로 괜찮습니다 이어팁이 빡빡할수록 음장은커지니 만족스러울겁니다 귓구멍 아플수 있겠죠 하여튼 같은메이커라 그런지 삼성폰에 삼성뮤직으로는 15만원짜리 치고는 좋습니다 TV도 삼성QLED TV 라서 같은파티니까 잘될거라고 생각하고 페어링 초반 통신속도의 영향인지 싱크밸런스문제인지 엄청나게 소리가 끊깁니다 어느정도 에이징되면 그때부터 소리가 잘 전달됩니다 게임 5분정도 하는도중 에러인듯한 소리나오면서 한쪽은 소리가 끊기고 한쪽은 경고음만 나옵니다 짜증나서 바로 꺼버렸습니다 버즈의 양쪽페어링 문제인지 TV와페어링문제인지 하여튼 편차감안하셔서 발생확률 있다는거 아셔야 합니다 퇴근하고 잠깐만진것이지만 기기오류는 언제든지 생길가능성을 보여준겁니다 브랜드파워 를 의식하고 구입한건데 기술적부분에  이어폰자체의 기능성은 가격동급대비 이만한거 없을거 같습니다 결론은 삼성의 브랜드파워치고 만족감은 떨어지나 ,1,
145,5,제가 받은건 6월 생산품이고 아무문제없이 처음부터 잘 작동했습니다 ㅎㅎ 좀 더 싼곳에서 구매했다가 여기가 더 최근 생산품으로 주는거같아서 취소하고 여기껄로 샀는데 잘와서 다행이네요 라이브가 오픈형인게 맘에 안들어서 고민하다 플러스 샀는데 완전 만족이구요 가격 디자인 성능 다 너무 맘에 들어요 근데 투명케이스도 오는줄 알았는데 안왔네요 재고가 다 떨어졌나 이게 좀 아쉬워요,1,
146,4,아빠 생신선물로 사드렸는데 정말 좋아하십니다 갤럭시를 사용하시는 데다가 기능도 많고 연결도 쉽고 간편하여 넘 만족스러웠어요한 가지 아쉬운 점은 당일 배송이라 써있어서 당일 혹은 다음 날에 받을 생각에 기대가 부풀었는데 4일이 되어서야 도착해서 넘 속상했어요 아빠 생신도 지나서 더더욱요,1,
147,5,분홍색이 제일 꼈을때 피부색하고도 잘어우러지고 예쁜거같습니다  자칫촌스러워보일수있는색인데딸기우유색처럼 너무예뻐요처음인식때 왼쪽이아예 인식이안돼서 불량을뽑은줄알고 놀랐습니다만버즈플러스가 한쪽이 페어링안되는모델이 많은것같더군요 네이버포스팅검색으로 생각보단 간단하게 집에서 처치가능하고한번인식후엔 제대로 작동되니 한시름놓았습니다빠른배송감사드리고 예쁘게잘사용하겠습니다,1,
148,5,살 계획이 없었는데 기존 사용하던 블루투스 이어폰을 잃어버리는 바람에ㅠㅠ 폰이 갤노트10이라서 같은 삼성으로 구매했구요 일단 배송이 빨라서 아주 좋았어요 그리고 갑자기 색상 변경을 해달라고 너무 늦게 말씀드려서 발송되었을 줄 알았는데 원하는 색으로 변경되어서 와서 기뻤어요 오자마자 사용해봤는데 오늘 바람이 심하게 불어서 그런가 외부음듣기하니까 바람 소음이 장난아니더라구요 귀에 착용감은 편했어요 음질도 맘에 들구요 개인적으로 흰색을 선호하지만 흰색하니까 눈에 띄질않아서 또 잃어버릴까봐 일부러 하늘색 선택했어요 핑크할까했는데 솔직히 지금 핑크는 너무 촌스러워요 골드핑크나 더 연한 스킨핑크 그런색상이 있으면 좋겠어요♡,1,
149,4,블랙이 다른색보다 비싸기도 하지만 그만큼 예쁘고 간지나네요 남자친구 선물했더니 맘에들어합니다 하도 페어링 안된다는 얘기를 많이 봐서 걱정했는데 받자마자 충전 안하고 페어링했는데 잘되네요 선물한보람이 있습니다,1,
150,5,배송도 빠르고 안전하게 잘 왔어요~ 블루색깔이 생각보다 더 예뻐서 감동했어요ㅠㅠㅠ 쓰는것도 너무 좋아용☆ 사실 아이폰이어폰을 선호하시는 분이랑 삼성갤럭시버즈 모양의 이어폰을 좋아하시는 분으로 갈리잖아요 아이폰이어폰을 선호하시는 분은 조금 실망하실 순 있지만 버즈형 이어폰을 좋아하시는 분은 진짜 좋아핫ㄹ거에요 생각보다 귀에서 쉽게 떨어지지도 않고 좋아요 그리고 핸드폰으로 조작하지 않아도 버즈자체에서 조작이 가능하다는 장점과 미세한 소리음량을 조절할수 있다는 장점이 있어요 각각의 장단점이 있구요 저는 원래 그냥 블루투스 이어폰을 갖고싶었던 터라ㅠㅜ 너무 좋아요ㅜㅠ굿굿,1,
151,5,너무너무너무 이쁩니다요오로지 음악영화보기로 사용할예정이라통화 음질 뭐그런건 신경쓰지않습니다이쁩니다ㅋ보통 이어폰 쓰다보면 귀가아파서잘못쓰는데 매우귀가 작아서 다른건 맞지도 않더라고요ㅠㅋㅋ,1,
152,5,어머니 선물용으로 핑크색으로 샀습니다어머니가 산책을 좋아하셔서 밖에서 걸으시는데 매일 유선 이어폰이 불편해서 블루투스 이어폰을 원하셨는데 이걸 쓰시더니 너무 좋아하시더라고요 걷는 양도 2배로 늘어나신거같아요 ㅋㅋ정말 잘 사용하시는거 보니 저도 기쁘네요  감사합니다,1,
153,5,상품평  생산년월 21년5월생산품이네요 당연히 배터리는 문제없고 바로 사용 가능했습니다 아이 선물로 사주었는데 무지 좋아하네요 좋은 상품을 싼가격에 잘 산거같아 만족합니다배송  531일 아침에 주문 62일 수취 빠른 배송 감사합니다※아시다시피 배터리는 가급적 만방하지마시고 자주 충전해서 쓰시는 것이 배터리 수명에 좋습니다,1,
154,5,2월 13일 예약하고 14일 발송되서 다음날 받을줄 알았는데 주말빼고 3일 걸렸네요완충제로 감싸긴했는데 박스안 공간이 있어 움직이지만 다행히 상품에 문제없네요제품은 정말 좋고 내가 원하는 기능을 선택하고 바꿀수 있어서 편리하네요 또한 음질도 손색이 없고 외부소리를 들을수 있으니 편리합니다 다만 에어팟쓰다 버즈쓰니 꼽고 빼는게 어색하네요버즈플러스 정말 잘 산것 같아요,1,
155,5,핑크가 별로 안 예쁠 줄 알았는데 생각보다 반짝반짝 예쁘네요 정말 맘에 들어요 음질도 훌륭하구요컬러는 사진에 이어폰만 단독으로 찍은 사진이 비교적 실제 색상에 가깝습니다 반짝이는 느낌은 사진에 담기지를 않네요 ㅠㅠ저는 특히 웨어러블 어플에서 설정할 수 있는 이퀄라이저랑 주변소리듣기 기능이 정말 마음에 들어요 길게 누르기 작동 커스텀도 편하네요 정말 잘 산 것 같습니다,1,
156,5,버즈플러스 사고싶어서 급하게 질렀는데오늘 언팩 ㅎㄷㄷ버즈라이브 출시도 곧 한다는 소문이 ㅎㄷㄷ그래도 버즈플 엄청 이쁘네용 ~♥7월 생산 분이고요 사은품 구성품 적립금 합치면 중고 시세보다 저렴합니다 ,1,
157,5,진짜 인생의 질을 바꾼 아이템이에요 제가 귓구멍이 개작아요 그래서 사실이것도 조금씩 밀리긴 하는데 무슨 상관이에요다시 넣으면 되는건데 고등학생이라서 공부시간도 많고 한참 예민한데진짜 버즈끼고 버스타고 학원 왔다갔다 할때잠깐만 노래 들어도 행복하고 이동시간이짧지만 그 시간만해도 행복해요 ?공부할때 Ambience 들을때도 진짜 집중잘되고잘 때 ASMR 들을때도 덕분에 푹자요자면서 뒤척거리면 당연히 빠지긴 하지만 제가정자세로 자서 ㅎㅎ 잠들때까지는 가만히 있어요어쨋든 ,1,
158,4,처음으로 하이마트에서 스마트 픽업이라는 것을 해봤는데 정말 편하고 좋았습니다집에서 택배를 기다리는것도 나름 일인데 스마트 픽업은 기다리지 않고 원하는 매장에 원하는 시간대에 찾으러갈 수 있다는 것이 매우 좋네요 다른 곳은 지방에서 이용헐 수 없는 경우가 많은데 하이마트는 전국에 있는 매장 어느곳이나 물건만 있다면 수령할 수 있다는 점이 매우 좋았어요덕분에 지방에 사는 저도 이런 서비스를 경험할 수 있었습니다버즈플러스는 딱 그만한 값어치의 음질을 들려주는 것 같아요다른 상품이 아닌 버즈 플러스를 고려해 본 이유는 게임모드가 있어서 였는데 다른 제품보다는 지연시간이 짧아 그나마 싱크가 맞는 편이긴 했지만 유선 이어폰처럼 싱크가 딱 맞아 떨어지지는 않기 때문에 리듬게임을 위해 버즈를 고려하시는 분이라면 리겜은 그냥 유선으로 하심이 좋을 것 같으니 구매를 말리고 싶네요 그냥 밖에서 선의 방해 없이 편하게 음악 듣는 용으로는 충분히 구매할 가치가 있다고 봅니다통화품질은 아직 테스트 해보지 못했기 때문이 거론하지 않겠습니다,1,
159,5,아빠가60대 블루투스 이어폰이 필요하다 하셔서 어떤거을 드려야할까 가격이 천지차이라 많이 알아보다가 여러모로 괜찮아서 엄청 알아보다가 요 제품으로 결정해서 선물해 드렸는데 너무 좋아하세요 동생이 자기가 들어보고는 너무 좋다고 귀가 안좋아서 예민한 동생인데도 자기가 너무 마음에 든다고 하네요 만족합니다 철가루스티커 개인적으로 따로 구매해서붙인 후 찍은 사진입니다,1,
160,5,굉장히 깔끔하고 이뻐요qcy 쓰다가 넘어오니까 음질이랑 갤럭시랑 연동도 잘되구요무엇보다도 과충전으로 페어링 안되는 이슈때문에 고민했었는데 저는 없었어요제품 개봉하자마자 갤럭시폰이랑 연동하니까 자동으로 웨어러블뜨면서 업데이트 유도를 하더라구요마지막으로 케이스까지 또 사야하나했는데 같이 묶어파는 덕에 배송비 아꼈어요 걱정했던 부분과 달리 제품을 잘 받아서 리뷰가 길어진 것 같아요 ~,1,
161,5,배송도 빠르고 제조일도 7월 제품으로 보내주셨어요 색상 고르느라 한참 걸렸는데 선물 받은 친구가 좋아하네요흰색은 때타는게 싫어서 블랙 선택알고는 있었지만 먼지 엄청 달라붙습니다 자석 붙듯이 잘 떨어지지도 않아요 유광 블랙이라 티도 많이 납니다,1,
162,5,일단 빨리 받고싶었는데 바로 받아서 좋았슴다하루하루 가격변동에 약간 맘이 쓰이지만 빨리받으면 그때부터 가치있는것이 되기에 그 이후 가격변동은 신경쓰지 않으려했어요 그렇지만 일주일뒤에 삼성프라자에서 만원이나 저렴한걸보고 마음이 아팠무튼 빠른 배송으로 받았는데 제조년월도 최근이라 좋았어요 확인하고보내주셔서 감사해요~~ 배송도 빠르고 포장도 깔끔하고 그랬습니다~~ 사용후기는 배터리 오래가는게 젤좋아요~~ 에어팟 쓰다가 갤버즈플로 갈아탔는데 솔직히 귀는 좀 아픈거같긴합니다만 배터리 충전에 시달리지 않아서 좋습니다 전 거의 하루종일 듣는 용도라 밥먹을때만 잘 넣어놔도 걱정없습니다 참고하세요,1,
163,5,저는 일하면서 사용중이라 양쪽을 한꺼번에 쓰지않고한쪽씩 번갈아가면서 사용하는데요배터리 하루종일10시간충분 가고 다른쪽 또 사용하면 케이스 한번완충시 20시간 이상 거뜬하네요타사 대륙산저렴이는 한쪽 사용 배터리 다 쓰면 나머지한쪽도 사용못하는거여서 두개를사서 번갈아썼는데 진작 살걸 그랬네요~다만 착용시 귀가 좀 아프긴 합니다,1,
164,5,깔끔한 디자인과 오래가는 배터리가 좋고 페어링이 빠르고 주변소리가 잘 들려요 너무 안들리면 사고위험이나 주변에서 말걸때 안들려서 전 잘들리는게 편하고 단점은 기본 사이즈가 있어서 끼면 티가 너무 나고 터치가 민감해서 조금만 스쳐도 일시정지 되는점이 불편했어요 사이즈가 작아 휴대하기 편할듯 하고 개인적으로 배달시 포장이 더 튼튼했으면 합니다 상자가 살짝 구겨져와서 철렁했어요 삼성센터가 집에서 40분 걸리는데 오자마자 가야할까봐요 다행히 상품은 괜찮은듯 합니다,1,
165,5,아이폰 유전데 에어팟2의 콩나물은 쓰기 싫고 프로는 가격이 너무 사악해서 대안 찾던중 버즈시리즈 중에 플러스가 제일 좋은 후기가 많아서 구매했습니다3일 사용해봤는데 가성비 좋고 하늘색 잘 뽑았고 아이폰 아이패드 호환성도 괜찮은 편입니다장점은 커널형이니까 소음차단 잘 되고 어플 설정으로 외부소리 듣기도 3단계별로 되는점인데 동시에 커널형이라 오래 끼면 귀가 아파요ㅜ 제일 작은 이어팁으로 바꿔보려구요 그리고 과방전 문제가 많다는 2월제품이 와서 체념하고 뜯었는데 문제없어서 바로 들었습니다,1,
166,5,기존에 사용하던 버즈를 업그레이드시키는 차원에서 버즈플러스 구매 전체적인 크기 형태 비슷 99일치하는듯 기존 버즈충전기에 버즈플러스 이어폰을 충전도 가능 음질은 조금 나은듯 통화품질은 확실히 좋아진듯 유광이라 번떡거리는 차이 빼고 외형적인 변화가 너무 없다 버즈이어폰을 꺼낼때 잘 잡히지않아 미끄러지는 경우가 있는데 개선이 안됐네요 외형이 같으니까 밧데리 성능은 확인 안해봤지만 종일 귀에 꽂고다니는 것이 아니다보니 안티노이즈 기능은 없는걸로 티비광고는 과장광고로 생각됨,1,
167,4,처음에 연결하는데 계속 안 되길래 유튜브 찾아보고 이런 저런 방법을 시도해봤는데 다 안 되더라구요 불량인가 싶어서 너무 답답했는데 후기에 상품이 오랫동안 업데이트가 안되어서 블루투스 연결이 아예 안됐다는 글이 있더라구요ㅠ 그래서 서비스 센터가서 업데이트해왔습니다ㅠ 번거로웠지만 상품은 너무 예쁘네요 불편하다는 평이 있던데 저는 편하기만 합니다 잘 산 것 같아요,1,
168,3,리뷰보고 과방전 이슈 걱정했는데역시나 있었어요받자마자 첫완충 후 사용하였는데왼쪽 이어폰 인식이 안되서 한창 인터넷 찾아보니 과방전이라고 겨우 해결했네요그 이후로 이틀 사용중인데 딱히 이상은 없어보여요저랑 비슷한 증상있으신 분들은인터넷에 버즈 과방전 검색해보시고 해결하시길,1,
169,3,배송은 거의 이틀만에 왔고 29일밤주문121 도착 음질도 괜찮습니다다만 초반에 핸드폰과 이어폰이 연결이 아예 안돼서 연결은 됐다고 뜨는데 소리가 안들림 고객센터 세번 전화후 먼거리의 as센터까지 직접 다녀와야해서 체력정신력 소모가 컸습니다이어폰자체는 써보니 나쁘지 않고 가성비 좋습니다다만 서비스나 업데이트 문제 등등이 제대로 이루어지지 않은것같아 그 부분이 별로였습니다 괜히 발걸음하게 만드는 점이 특히요원래는 교환신청하려다가 다시 기다리고 그냥 제가 한번 더 발걸음하게 되었는데 진짜 다시 생각해도 기분이 저조해지네요 여튼 다들 뽑기 화이팅하시길업데이트 후에 보니 연결도 빨리 되는 편입니다,1,
170,5,귀에 잘맞고 막귀인 저에겐 음질도 괜찮습니다 갤럭시20 기준으로 페어링도 빠르고 호환이 좋네요 사실 블루를 시키려고 했는데 저의 실수로 화이트가 와서 당황했지만 깔끔하고 예뻐서 만족합니다 제조날짜가 8월인게 가장 마음에 드네요,1,
171,5,엄마가 필요하다고 하셔서 주문했는데아직 어색하신지 이어폰 어딜 툭툭 쳐야전화받아지는지 몰라서 동생이 열심히 설명하고 있어요 엄마 알려드리면서 동생이 너무좋다고 그러네요케이스도 엄마 젊을때 유행했던거라며 좋아하셨어요저한테 어떤건지 설명해주시는거 보고 케이스 구매하길 잘했다고 느꼈어요 잘 쓸게요~~,1,
172,5,배송이 빨라서 좋어요 일요일에 주문했는데 월요일에 출발하더라구여 화요일 점심에 받았습니다 케이스도 키링 고리랑 같이 와서 좋네요 상자가 조금 커서 제품 걱정했는데 뾱뾱이 둘러서 보내주신 덕에 이상 없이 왔습니다 에어팟 쓰다가 넘어온건데 색상이 너무 예뻐서 감탄했네요 구매하실 때 분홍색 좋아하시면 진짜 추천해요 충전은 20퍼 정도 되어있던데 그건 제가 충전하면 되니 상관없을거같아용 제조일은 20년 2월이에요,1,
173,5,디자인이 깔끔하고 가격이 적당해서 구입했는데 생각했던 것보다 더 만족스럽습니다 음질도 뛰어나고 한번 충전했을때 오래 사용할 수 있습니다 무선이어폰 처음 샀을 때 잘 빠지면 어쩌나 하는 생각이 들었는데 귀에 잘 맞습니다,1,
174,5,생각보다 배송도 빨랐고 색도 너무 맘에 들었습니다 ㅎㅎㅎ 저렴한 가격에 아주 잘 산거 같아요 버즈 플러스 사용한지 5일차 너무 만족하면서 쓰고 있습니다 역시 이어폰만 쓰다가 써서 그런진 몰라도 너무 편하고 좋아요~~ 삶의 질 상승 고민하고 계시면 바로 구매 ㄱㄱ 고민은 배송만 늦출뿐입니당~,1,
175,5,진짜 오프라인 매장은 약 18만원 이였는데여기서는 13만 4천원 투명 하드케이스 까지 줘서 정말 좋았어요불량이 많다는 후기도 봤지만 너무 이뻐서그냥 노빠꾸로 질러버렸는데 다행이도확인해봤을때 둘다 잘 나옵니다 ㅠㅠ저는 양쪽 다 배터리가 많아서 불량인지 아닌지 잘 확인 했지만 다른분들은 배터리 확인 잘 해보셨으면 좋겠습니다 ㅎㅎㅎ여기서 주는 투명하드케이스도 이쁘지만 저는 개인적으로 주문해서 꾸몄습니다당근당근다들 예쁜 버즈 사시고 꾸며보세요 ,1,
176,5,줄이어폰 쓰다가 처음으로 블루투스 이어폰 쓰고싶어서 샀는데 너무 편하고 좋네요사기 전에 후기에 보니 연결문제라던지 음질문제 통화품질 등 여러가지 발생가능한 문제들에 대해 걱정했는데 막상 받고나서 실험해보니 너무 좋네용 ㅠㅠ특히 걱정했던 통화품질도 작게 얘기해도 상대방이 너무 잘 들린다고 해서 잘 사용할거같아요,1,
177,5,평소에 qcr거를쓰다 이번에 처음으로 삼성 버즈 플러스를 사게됬는데디자인이라던지 연동되는 갤럭시 웨어러블 주변 소리듣기 기능등 너무 편하고음질도 전에 쓰던거와 비교도 안될만큼 좋습니다적당한 가격에 기대이상의 기능을 보여주는거 같아 만족합니다,1,
178,5,아이폰 유저인데 핑크색이 너무 귀여워서 에어팟에서 버즈 플러스로 갈아탑니다 실물이 더 귀엽구요 연결 혹시나 안될까봐 걱정했는데 살짝 쓸모없는 걱정이었어요 배송도 중간에 설이 끼여있어서 늦을 줄 알았는데 일주일 조금 더 걸린거 같았어요 핑크 덕후분들은 당장 삿ㅕ요,1,
179,5,유선 이어폰만 쓰던 나에게 드디어 무선이어폰에 시대가왔다 갤노트9 쓰는 나는 당근 버즈를 골랐다만족스러운 편이다 음향 신경 안쓰고 편의만 추구한 나에게는 제법 풍부한음향이고 밖에나갈때유선이어폰처럼 걸리적 거리는 거없이 귀에서 빠지지 않고 맘대로 밖을 활보하는것은 정말로 편하다 잘산것같다 배송도 나름 괜찮게 빨리왔다 이상,1,
180,5,2~3만원대만 사용하다가 버즈플러스 첫사용인데 만족스럽습니다기존 장착되어있는 고무마개가 귀안쪽을 눌러 불편했으나동봉되어있는 고무밴드로 장착하니 사용에 불편함은 해소되었습니다통화도 잘되고 주변소리 듣기 기능도 쓸만합니다많이 파셔요~,1,
181,5,남동생 사줬는데 굉장히 만족합니다~닫히는 이음새도 잘맞고귀가작은편이라 걱정했는데 조절하니까 한번도 귀에서 떨어진적 없다하네요페어링이나 다른부분도 문제없이 술술 되서 역시 삼성이라는 생각이 들었어요b합리적인 가격에 현명한 구매라 뿌듯하네요,1,
182,5,빠르고 안전한 배송 최근 날짜로 찍혀있는 제조일자 고장이거나 불량이 아닌 새제품 저렴한 가격 버즈 라이브랑 플러스 중에 고민하다가 아무리봐도 라이브의 메리트가 없는듯해서 플러스를 긴 고민끝에 샀습니다 플러스 구입을 희망하시는 분들은 걱정마시고 주문하셔도 좋을듯합니다 ,1,
183,5,출퇴근시간에 노래들으면서 가고싶어서 고민하던 중에 에어팟보다 그래도 버즈플러스가 더 좋다해서 저를위한 선물로 주문했는데 배송도 빠르고 검은색살까 레드살까 고민했는데 레드사길 너무잘한것 같아요 하자도없고~ 너무 좋아요 내일 출근이 기대됩니다,1,
184,5,한달사용리뷰만 한달째 기다렸어요 ㅎㅎㅎ갤럭시 버즈이하 버즈에서 버즈 플러스이하 플러스로 갈아탔으니 두개 좀 비교해가며 리뷰를 적을게요1 노래 음질 기본 제공되는 이어팁이 아닌 한세트에 1000원 안되는 TB시리즈 메모리 폼팁을 쓰고 있습니다처음 이어폰을 꼈을 때 오~ 딱 이거였어요  쓰다보니 느낀점은버즈  플러스에 비해 저음이 강함플러스  버즈에 비해저 차이점은 취향에 따라 선택이 달라질꺼 같아요개인적인 견해로는  하지만 버즈를 쓸 때는 노래 첫 음에 음~역시하는 이 있었다면 플러스는 그 느낌이 없어요 개인의보니너무 강한건 또 싫어하지만요 음질은 좀 떨어져도 저음이 좀  35만원짜리 자브라 무선 이어폰도 가지고 있는데 버즈든 플러스든 음질은 당연 이 자브라에 비해서는 떨어집니다ㅎ2 베터리버즈에 비해 플러스가 확실하개 베터리 사용량이 길어졌어요 그리고 케이스 뚜껑을 열었을 때 갤럭시에서 케이스의 베터리 잔량을 알려주는데 이게 또 그렇게 편해요 버즈에서 케이스의 베터리 잔량은 쪼꼬만한 led등 초록 주황 빨강 이게 다였다보니 아차 싶으면 버즈 베터리도 동이나서 언제꺼질지 몰라 달달 떨었죠 근데  싶네요3 통화 품질플러스를 사고 싶었던 가장 큰 이유 중에 하나가 바로 이 통화 품질이었는데요 버즈를 사고 가장 게 통화 품질이었기 때문이죠 그래서 플러스를 사고나서 출퇴근길버스 안 지하철역 대로변 등에 일부러 통화를 더 자주 해 봤습니다 결론부터 말씀드리자면  버즈는 주변 소리 때문에 상대방아 내 목소리가 잘 안들렸다면 플러스은 주변소리도 그리고 내 목소리도 모두 크게 들린데요뭐 그래도 통화는 되는거니 아쉽긴 해도 쓰긴 씁니다만 역시나 바람이 많이 불거나차 안에서 에어컨 바람을 바로 맞는다거나 지하철이 역으로 들어오는 순간 같은 시끄러운 환경에서는 통화가 불가능한건 버즈나 플러스나 마찬가지 그래도 위에서 잠시 언급한 35만원짜라 4 기타 좋아진 점플러스에서는 버즈와 다른 몇가지 정점이자 기능이 있어요 일단 이어버드 가장자리 두번 두드리기 기능 버즈에서는 볼륨 조절 하려면 길게 누르기 기능으로 했었는데요 플러스는 길거 누르기 기능을 다른데 쓰고 저 두번 두드리기  그래서 괜히 귀만 두드리게 된다는 그리고 주변소리 듣기가 더 강화 됐어요 어느정도냐면 보청기를 끼는 정도까지는 아니어도 그 느낌은 느낄 수 있을 정도 ㅋㅋㅋ 원래 내 귀로 듣는 소리보다 더 크게 주변 소리를 들을 수 있어요 그개 뭔 필요가 있냐 하시는 분들도 있지만 버스에서 노래를 들으며 지금 도착할 역이 어디인지 듣는다거나 생각지도 못한곳에서 저는 잘 쓰는 기능입니다 ㅎㅎ버즈보다 플러스가 더 발전한건 맞아요 하지만 음질은 취향을 타게 될 것이구요 베터리는 플러스가 더 결론은 새로 사실 때는 당연 플러스를 사지만 버즈 있으신 분들은 다음 모델 출시 될 때까지 좀 더여기까지ㅎ잘 써보고 싶었는데 주저리 주저리 길어지기만 했네요 그럼 저는 이만 콩알을 한번 더 노려보며,1,
185,4,세 줄 요약 1 통화품질개선 2 주변소리기능 보청기수준 3 음량조절 터치해결 장점 1 주변소리듣기 기능 좋네요 다만 기대했던 것만큼 큰 소리로 음악을 들어도 잘 들리는 정도는 아니고 노트9삼성뮤직앱 기준음량27  34정도이고 주변소리듣기 매우크게 일때 상대방과 무리없이 대화가능한것 같습니다 2 통화품질은 제가 기존 버즈를 쓰지 않아서 비교하기엔 무리가 있지만 주위 사용자들 말로는 이전 버즈보다는 낫다고 합니다 애초에 길이가 긴 콩나물과는 비교하기에 무리가 있겠죠 3 이어버드 사용시간은 받은지 얼마안되어 몇시간기준으로 측정을 못했습니다만 완충직후 위의 음량기준 27수준으로 재생시 1시간동안 각각 4프로6프로가 닳았습니다 주변소리기능은 껐습니다연속 사용시간이 6시간이하라면 중간에 충전할일 딱히 없을거같습니다 31 급속충전시간은 못쟀습니다 받을 당시 약 65 70수준이었는데 완충까지 10분15분 걸린거 같습니다 4 다른 방으로 들어가지만 않는다면 24평형 아파트를 돌아다녀도 안끊깁니다 41 가방에 넣고 지퍼를 잠근 후 1미터이상 떨어져서 10분가량 있어봤는데 안 끊기네요 5  에어팟은 시리 불러서 줄여달라고 해야하던데 다른 방법이 있나요  제 귀가 독특해서 오픈형 이어폰을 못 받쳐줘 끼우질 못하는데  단점 1 노트9 구매시 들어있던 기본 유선이어폰과 비교했을때  11 음질의 경우  제 귀와 취향엔 유선이어폰이 더 나은거 같네요 기대했는데  2 색상의경우 제 버즈가 그런건지는 모르겠지만 출시 당시 돌아다니던 청량해 보이던 사진에 비해선 좀 톤다운 되어칙칙해 보입니다 한국판 한정 미세먼지낀 하늘색인가요 사진은 최대한 제 버즈 실물과 비슷하게 보정했습니다 배송은 신경이 안 쓰인건 아니었지만 다음엔 대비는 해두심이,1,
186,5,판매자분이 삼성에서 직배송일 거라고 얘기하셔도 잘 이해가 안됐는데 정말 이런 소형가전도 일반 택배가 아닌 삼성 기사분이 제품 들고 집까지 오셨어요 덕분에 더 믿음직하고 안전하게 도착한 기분이 들어서 좋았고 버즈플러스 뽑기운이 있는 것 같은 글을 많이 봤는데 아주 잘 됩니다 제조일자가 2021년 3월이라 한달도 안된 제품인 걸 보고 놀랐어요 다만 배송은 코스트코를 거치다 보니 며칠 더 걸리는 건 감안해야 했습니다,1,
187,5,상품은 주문한지 이틀만에 받았어요카드할인과 할인쿠폰 이용해서 다른곳보다 저렴하게 구매했어요뽁뽁이에 싸서 안전하게 하이마트 상자에 담겨있었고 통화품질도 좋아요 유광이라 하얀색이 더 빛나고 예뻐요~ 오랜시간 사용해도 귀아프지 않고 만족합니다,1,
188,5,13만원으로 가격 많이 내려갔을 때 구매했습니다 기대만큼 음질 좋고 귀에 끼면 잘 빠지지 않아서 운동할 때 유용히 사용할 것 같아요하지만 겉 표면이 유광이여서 지문이 잘 묻어요 깔끔하게 사용하려면 케이스 하나 장만 하셔야 할 듯 해요 추천드립니다,1,
189,5,현장구매에 비하면 많이 할인된 가격 공식파트너라는 점에서 뭔가 더 믿을만 하다고 생각해서 여기서 주문했어요 배송은 토요일 오후에 주문해서 화요일 저녁에 받았습니다 빠른편이라고 생각해요다른 리뷰처럼 하얀색 뾱뾱이에 한번 감싸져서 왔고 다른 포장에는 문제 없었습니다 제조년은 상자에는 20203월로 되어있었어요하늘색에 보자마자 꼳혔는데 무난한 흰색으로 주문했습니다~웨어러블 앱에 인식도 잘 되고 제껀 50정도 충전되어서 왔습니다웨어러블 앱은 캡쳐라 그런지 첨부가 안되네요ㅠㅠ 웨어러블 앱에서 이퀄라이저 외에도 다양한 ,1,
190,5,딸기우유빛 핑크색 너무 예뻐요 일단 처음 딱 사용해본 바로는 음질 좋아요 특히 외부소음 차단기능이 제일 신기하네요 3단계로 조절되는게 확실히 차이가 있어요 그리고 윙팁은 아직 적응이 안되서 착용하는게 좀 어렵고 오래 끼고 있으면 닿는 연골부분이 좀 아파요ㅠㅠ 이건 옳바른 착용법 좀 연구해봐야할것 같네요 무튼 예쁘게 잘 사용할것 같아요,1,
191,5,현재 케이스랑 키링도 달면서 아주 아주 잘 쓰면서 매우 만족하고 있어요 음질도 좋고 통화도 잘 되고 딱히 불편함 감 없이 너무 잘 쓰고 있어서 추천합니다 갤럭시 버즈 라이브를 살까도 고민했는데 저는 음질에 크게 신경쓰지 않아서 굳이 비싼돈 주고 살 필요를 못 느껴서 그냥 버즈 플러스로 샀어요 자신이 음질을 굉장히 중요시 한다면 더 비싼돈 주고 좋은거 사시는걸 추천합니다 그런데 그렇게까지 비싼돈 중면서 엄청난 음질은 원하지 않는다 하시면 전 이것도 매우매우 추천합니다 ,1,
192,5,남편과 커플템으로 구입했어요~저는 갤럭시s20 사전예약으로 갤럭시버즈 플러스를 할인구매했어요~ 기존에 쓰던 에에 비해 통화품질이 별차이가 없고 사용 시 편하고 정말 좋아서 자랑을 많이 했답니다뚜껑을 열면 핸드폰이 바로 인식되며 멜 음악이 재생되니 어플을 따로 실행시킬필요없이 너무~ 편해요별거 아닌거 같아도 워킹맘의 출퇴근시간은 1초도 소중하니깐요~~ㅎㅎ자체 제공되는 어플기능으로 음량을 제귀에 맞게 하나하나 설정할수 있어서 ~그리고 인이어형이라 주위소음이 거의 들리지 않은것도 큰 장점인거 같아요~충전은 한번 충전하면 언제 충전했는지 잊을정도로 오래가요PC랑도 영화보며 한번 이용했는데 굿굿제가 생각해도 커플템 구입으로도 최고였어요~ 기존 디자인만으로도 데일리용으로 큐티~큐티~해요~ 실물깡페ㅋㅋ그리고 요즘 예쁜 케이스 많이 나오잖아요~ 나중에 드려요평소 장보며 쌓았던 포인트로 결제까지 하니 할인받아 ~기분업~요즘 현명한 소비가 대세잖아요~ㅋ참고로 배송도 정말 빠르고 구입 후 기다림 없이 PICK~하세요,1,
193,4,저도 뽑기운이 없나봐요 오늘 받자마자 설레는 맘으로 연결을 했는데 한쪽 이어폰 연결이 안되는 불량품이더라구요ㅠ 네이버에 검색해보니 갤럭시버즈플러스 자체가 이런 문제가 많은가봐요 판매자는 해줄 수 있는게 없겠구나 싶었어요 서비스센터로 가야한다길래 짜증이 차오르던 찰나 친구가 과방전되면 연결불량이 생긴다는 얘기를 해주더라구요 그래서 연결시켜놓고 한참 기다리니까 충전이 되기 시작했어요 하마터면 서비스센터 가서 시간 날리고 이 무더위에 짜증날뻔 했는데 해결돼서 다행이에요ㅠㅠ 첨에 연결 안된다고 포기하지 마시고 충전기 꽂아두고 쭉 기다려보시거나 손으로 꾹 눌러서 압력을 주면 접촉이 된다는 얘기도 있으니 최대한 시도해보세요 서비스센터 가지 않고도 이 방법으로 해결한분들 꽤 많던데 이 제품 리뷰보니까 모르시고 서비스센터가는분들이 많은거 같아서 오지랖으로 길게 리뷰 남겨봅니다 한번 해결된 이후로는 계속 잘 연결된다고 하니 저도 그러길 바랄뿐이에요ㅠㅠ 되기 시작하는거 캡처해놨는데 네이버에서 직접 찍은 사진 아니라고 업로드 안되게 해놨네요아무튼 혹시 제 댓글 읽으시는 분들은 참고하시고 도움이 되셨으면 좋겠어요,1,
194,5,처음으로 무선이어폰을 사용해봐서 많은 후기들을 봤고 연결이 잘 안돼서 고객센터를 갔다는 후기를 많이 봐서 걱정을 했었는데 바로 연결이 되었음3월인가 초반에 만든 제품이 불량이 있다는 걸 봐서 그게 올까 봐 걱정도 했는데 다행히 11월에 만든 제품이 옴결론은 다행히 잘 연결이 되었고 오래 잘 사용할 수 있겠다는 생각을 함,1,
195,2,한달사용후기입니다구매한 이유  동생이 일 특성상 핸드폰을 들고 통화하기 어려워 사줬습니다처음 구매했을때 후기  동생이 좋다고했습니다 통화도그렇고 일단 목에 걸고다녔던 블루투스 이어폰보다는 훨씬 좋다고했으니~한달후기  노래듣는건 여전히 좋은데 핸드폰과 그렇게 멀리떨어져있는게 아닌데 통화할때만 유독 잘 안들리더라구요제가 가끔 통화하는데 목소리가 너무안들려서 물어보니 핸드폰은 주머니에있는데도 불구하고 연결이 잘 안된다고 합니다어플상으로 뭔가 해결할수있는 방법이 있으면 좋을것같은데 동생도 없는것같다고하더라구요해결방법이있으면 알려주시면 좋을것같습니다아무튼 블루투스 연결이 심상치않다주머니에넣어놓은것뿐인데 이런 부분이 상향이 필요한것같습니다통화를 많이하는 동생한테는 치명적이긴하네요,0,
196,5,일요일에 주문했는데 월요일배송 화요일 오후에 도착했네요 오래걸릴까봐 걱정했는데 매우 빠르게 배송되서 개인적으로 매우 만족했습니다제품은 2020년 10월로 최근꺼라 걱정없었고 배송도 포장 잘 되있어서 파손걱정없이 받았습니다 배터리도 둘다 거의 60퍼센트정도 되있는 상태었고 폰이랑 바로 연결도 되서 제품 자체에선 매우매우 만족입니다 기간지난 상품들 받았다는 후기도 있어서 걱정했는데 신경안써도 될꺼같습니다LG폰 사용하고 있어서 혹시나 페어링이 오래걸리려나 싶어서 물품 받자마자 연결했는데 걱정안해도 될꺼같네요 어플깔아서 써보니 이것저것 기능도 있고 음질상태나 여러가지 점검했는데 크게 그런부분에 예민하지 않은사람이라면 충분히 만족해서 쓸 수 있을꺼같아요 다른 무선이어폰은 사용해본적이 없어서 비교는 못해봤지만 개인적으로는 만족합니다 터치도 잘 먹히는데 적응하고 사용하는데에는 몇번 해봐야 할 것 같습니다 이어팁은 기존착용된건 안맞아서 내장된 사이즈별로 맞춰서 끼워주면 될꺼같아요 무난하게 흰색으로 주문했는데 깔끔하니 케이스 끼워서 편하게 쓰면 될꺼같습니다 만족해서 앞으로 잘 쓸거같아요ㅎㅎ,1,
197,4,분홍색 판매하는 곳이 별로 없어서 어디서 살까 고민하다가 여기서 사게 되었는데 배송이 조금 느리긴 했지만 분홍색 색이 쨍하지도 않고 존예입니다ㅠ확실시 파스텔톤이어서 그런지 완전 예뻐요ㅠ 색깔 고민하고 계신다면 분홍색 강추하빈다항상 만원짜리 싸구려 이어폰만 쓰다가 처음으로 이렇게 고가의 이어폰 사봤는데 확실히 좋긴 좋네요주변의 말도 잘 들리고 통화 음질이 단점이라고 하시던데 저는 괜찮게 쓰고 있습니다다만 아쉬운 점은 가끔 노래나 영상 볼때 소리가 끊기거나 할때가 간혹 있더라구요그런 점만 제외하면 저는 굉장히 만족하면서 사용하고 있습니다,1,
198,5,한달 동안 꾸준히 와이프가 사용했습니다에러 등 문제는 한번도 없었고 음질 기능 디자인 모두 만족한다고 합니다이어 신형 모델도 출시되어 다소 기능에서는 당연히 모자를 수 있지만 가격적인 측면에서 보다 우세높은 가성비도 기대할 수 있습니다 판매자님,1,
199,5,이어폰을 사용하다보니 불편해서 무선 이어폰을 알아보던중에 비즈플러스 성능기능이나 사용후기가 괜찮더라구요 그래서 큰마음 먹고 얼능 주문해서 받았는데 넘 기분이 좋았어요 저는 화이트고요 저희 신랑은 연한 블루 하늘색인데요 화이트는 화이트데로 하늘색은 하늘색데로 넘 예뻐서 색사에 한번 반했구요 또한번은 성능에 반했어요통화하면 성능도 좋구요영화나 음악 들을때 음질이 좋아요이어폰 사용하다가 ~~,1,
