,Unnamed: 0,ratings,reviews,label,label_t
2,2,5, 내돈내산 내 인생 첫번째 블루투스 이어폰 취준생기간이 길어서 블루투스 이어폰은 꿈에도 못꿨습니다친누나가 선물이랍시고 본인이 쓰던 고장난 에어팟을 줬지만제 핸드폰은 갤럭시고 이미 고장난 에어팟이었기에 쓸모가 없었어요유선이어폰을 끼고 자전거를 타다가 바퀴에 말려들어가핸드폰이 날라가고 사고가 날뻔한 적도 BMW를 박을 뻔 한적도있었네요 처지가 비참해서 길에서 펑펑 울었습니다쓸데 없는 얘기가 길었네요그래서 더 뜻깊게 구매한 이어폰입니다 배송도 잘왔고이제는 인이어이어폰블루투스 이어폰을 다 갖게되었네요삼성핸드폰과의 호환도 너무 잘되고 좋네요코덱을 AAC로 변경해서 쓰고있구요 제조년월도 202011 입니다저는 과방전되어 페어링이 한쪽이 안되는 상황도 없었구요둘 다 다만 기계인데 비해 에어캡포장이 빈약하기는 했구요좀 찝찝했던게 니트릴 장갑같은거를 안쓰시는 듯합니다케이스 홀로그램 부분에 지문이 진하게 찍혀있었습니다,1,0
5,5,5,유선블투 이어폰이 문득 불편해질 때즈음 지인이 쓰는거보고 한번 테스트후 고민끝에 질렀습니다 원래는 닥터드레 사려고 했는데 귀에 거는 타입이라 마스크 끈에 걸려 불편할것 같아서고민은 배송만 늦출뿐배송은 어찌나 빠르던지 네이버알림에는 아직도 배송중인데 전 이미 받았네요 귓구녕에 끼는게 익숙하지 않지만 계속 쓰다보면 잘 맞는 위치를 찾을 수 있겠죠 이어폰은 늘 검은색쓰다가 하얀색으로 사봤는데 이쁘네요 왜 고민했을까요 고민은 배송만 늦출뿐케이스 뚜껑 열자마자 바로 연결되고 너무좋아요 이번달 제조제품을 받아 기쁩니다 돈값하네요 생각해보면 거의 블투스피커와 맞먹는 가격이지만산책할때 마스크쓸때패딩모자 쓸 때 등등 더이상 줄걸림에 연연하지 않아도 된다는 것이 제일 좋아요 소음차단도 기존에 쓰던것보다 좋은것 같아요 오디오테크니카 것도 괜찮았는데 바깥소리는 버즈가 착용했을 때 덜 들렸어요 노이즈캔슬링 기능있는 걸 살까했는데 가격이 좀 더 내려가면 사는걸로4년전 akg 노캔헤드폰 썼을 때 노캔기능 많이 써먹었거든요 이젠 삼성과 Akg라니ㅠㅠ잘쓸게요,1,0
10,10,5,제품은 잘 받았습니다참 많은 고민을 하고 결정했습니다선이 없으니 잘 잊어먹을거 같다는 생각에 저렴한걸 찾아보니 3만원대 가성비 좋다는 제품도 있었는데 혹시나 하는 마음에 장기적으로 보고 사자 하는 마음에 결정을 했고 쓰는 폰이 갤럭시10여서 버즈로 결정을 한것도 있습니다몇일 사용을 해보니 제 기준에서 불편한 점은첫째 오른쪽 왼쪽 표시가 좀더 잘 보였으면 좋겠다는 생각을 했습니다 RL 표시가 색이 있다거나 둘째는 마스크를 쓰고 벗다가 조금만 스쳐도 외부소리는 켜봤는데 저에게는 넘 이질감이 있어서 없는 기능이다 생각하고 쓰려구요 그리고 통화를 많이 하는 편은 아니지만 수신음은 잘 들리구요 송신음은 불편하거나 잘 안들린다는 말은 아직 안들어 봤네요유선이어폰을 쓰다 첨 쓰면 당연 편리함은 이루 말할수가 없죠잔고장 없이 오래 잘 썼으면 하는 마음 입니다,1,0
11,11,5,블루투스 커널형 이어폰중에는 가장 좋지 않나 싶어요아무래도 이어폰을 청소해줘야된다거나 오래 착용하고있으면 귀가 약간 아프다거나 하는 커널형만의 단점이 있지만 이런 어쩔수 없는 점들을 제외하면 딱히 불편한점은 없었습니다전에 사용한 갤럭시버즈와 비교하자면 배터리도 더 오래가구요 음질도 나아졌어요 음질은 관련 전공가가 아니라 자세하게 이야기는 힘들겠지만 소리가 조금 더 선명해지고 들을 수 있는 범위가 넓어진 느낌입니다 클래식이나 큰 편성의 곡을 좋아하는데 전작 대비 뭉개지는 소리가 적어진 느낌이 있어요~ 해상도가 좋아졌다고 해야될까요 전작과 소리 색깔이 바뀐 느낌도 있어요 저는 플러스 쪽이 조금 더  아무래도 생각합니다아무튼 잘 사용하고있구요 비슷한시기 갤럭시 라이브가 나와서 약간 후회할뻔했는데 아무래도 여기저기 대중교통으로 돌아다니거나 운동할때 착용하는 제 루틴으로 봤을때는 커널형이 맞는 것 같아서요 사용중입니다~구매 고민하시는분들께 조금이나마 도움이 됐으면 좋겠네요?,1,0
12,12,5,갤럭시 버즈 라이브를 구매했지만 도저히 아니다 싶어서중고로 판매하고 결국에는 버즈 플러스를 새로 구매했습니다3월 생산품이고 왼쪽이 과방전 상태였으나 검색해서 금방 해결했습니다과방전은 갤럭시 버즈의 고질적인 패시브 스킬기존에 갤럭시 버즈를 1년5개월 정도 사용했었고개인적으로는 체감한 음질향상이 30정도 되는것 같습니다케이스와 철가루방지스티커 까지 장착해서 아이언맨으로 깔맞춤 했습니다,1,0
13,13,4,블루 하려다 핑크 했는데 나쁘지 않습니다 하지만 다시 산다면 블루를 살거같아요 그리고 저도 초기불량 걸렸네요 한쪽이 인식이 안됩니다 다음주에 섭센 가서 교체받으려구요ㅠㅠ 스샷은 업로드 안되는거 처음알았네요 웨어러블 어플에서 인식 안되는 애는 그냥 회색으로 뜨고 소프트웨어 업데이트가 안되네요 둘다 연결되어야 한대요씰링 스티커도 잘 붙어있고 케이블도 잘 감겨있어서 정품이 맞구나 하고 감동받고 있습니다 케이스 오기 전까지는 사은품으로 온 투명케이스 잘 쓰겠습니다 추가 섭센 다녀왔는데 버즈 케이스에 이어버드가 완전 방전되었을때 충전하는 모듈이 없어서 그렇다고 합니다 설치받고 잘 쓰고 있습니다,1,0
14,14,5,처음 받았을 때 상자 모퉁이가 찌그러져있어서 놀랐어요다행히 내용물은 이상이 없습니다구성품  케이스이어폰 폼팁충전선하루 사용후기   주변소리 듣기 기능  사기 전에 주변소리 듣기 기능을 사용하면 바람소리가 심하다는 후기들이 많아서 걱정했습니다근데 비닐 부스럭거리는 소리가 원래 소리보다 크게 들리는 정도 였습니다 거슬릴 정도는 아니었어요 통화기능  집오는 길에 버스에서 통화를 해봤는데 상대방이 아무런 문제를 느끼지 못했습니다,1,0
15,15,5,9월 8일 주문했는데 10일에 도착했네요대체적으로 배송은 빠른것 같아요그리고 후기에 이어폰 배터리 방전 이야기가 많던데 제가 받은 물건은 사장님이 일부러 가득 충전해서 보냈는지 받으니까 배터리가 양쪽다 60프로 이상 남아있었어요 세심하게 신경쓰신게 느껴지네요실물은 사진으로 보이는 것보다 더 예뻐요 ,1,0
18,18,5,주변 사람들이 왜 갤럭시버즈플러스를 추천하는지이제야 알겠네요이렇게 좋은건지 알았으면 더 미리구매하는건데ㅎㅎ지금이라도 사용하게 되어서너무 만족하고 앞으로 잘 쓰겠습니다구매장점1신속한 배송실제로 24시간도 안걸림2안전한 포장상태3다양한 기능과 음질4부가 구성품더 많은 장점이 있으니 직접 써 보시길 추천드립니다또한 상품에 대한 자세한 설명은 사진에 첨부하여올렸으니 구매 고민하시는 분들은 참고하여 구매하시길 바랍니다 감사합니다~,1,0
19,19,3,배송은 주문 다음 날 받았구요 9월 제조 제품입니다비싼 이어폰 쓰기전에 무선이어폰을 사용하는 게 어떤지 분실 위험은 잦은지 등등 경험해 보려고 2만원대의 qcy제품 사용 시작한 게 벌써 일 년이 됐네요 버즈를 살까 더 질러서 에어팟을 살까 고민만 하던 중 버즈 라이브가 나오면서 디자인에 반해 좀만 더 고민해 보고 사자했던게 11월이나 돼서 구매하게 됐네요진짜 일년 내내 고민만 함우선 노캔은 전혀 느끼질 못 하겠어요 머리 말리느라고 약하게 켜놓은 선풍기 소리도 못 막아주는데 오늘 출근하는데 버스소리를 잡아줬겠어요 볼륨을 최대치로 하고 들어야 음악이 들리더라구요 얘기가 왤케 주저리 주저리냐 저 2만원짜리 저렴이 qcy 이어폰보다 잘 안 들린다구요ㅠ 커널형만 쓰다 갑자기 오픈형 써서 그런지 영 만족스럽지가 못 하네요 조용한데서 들어도 오픈형은 커널형을 따라오질 못 하는 거 같네요그리고 착용이 애매하다 보니 중간에 자리 다시 잡으려고 건들면 음악 꺼지거나 담 노래로 넘어가거나 난리내요 이건 익숙해지면 괜찮겠지만  이게 다에요 이럴 줄 알았음 걍 버즈 플러스 살 걸 쫌 후회하는 중이에요,1,0
21,21,5,오늘 받고 바로 까보았어요갤럭시 버즈 플러스 하얀색 입니다좋은 점은 완전 하얀색 인줄 알았는데 가운데 부분이 약간 상아색 이 연하게 들어가서 깔끔함이 더 묻어나오는 듯 합니다개취일 수도 있지만 완전 올흰색보다 이게 더 깔끔한 디자인으로 생각해요구성품은 메뉴얼이 뚜껑에 붙어있어서 나중에 확인 했지만이어피스 4개  인지 정확히 모르겠네요보통 본품만 쓰지 부속품은 잘 안쓰는 편이라귓구멍에 꼽았는데 딴딴하니 잘 꼽혀요제 폰 갤노트9 에 블루스트 연결을 하니 관련 어플이 자동 실행 되고 설정이 되는 듯 합니다음악을 틀었는데 저는 보통 자동차 안에서 듣는 음악을 좋아하는데 이거로 들으니 음감이 훨씬 나아요막귀 입니다그동안 제 차의 사운드가 정말 후진거라 느끼게 되네요이어폰이나 해드셋은 정말 안쓰는 스타일이라 주 용도는 업무중 핸즈프리나 집에서 조용히 컴퓨터 할 때 강의 들을 때회사에서 사운드를 들을 일이 있을때 등으로 쓰려고 샀어요저는 도보 이동중에 사용하려고 산 용도는 아니지요PC용 동글이도 집에 사무실에 하나씩 2개를 사두었고 사무실에서는 특정 강의업무용을 무엇보다 아직 통화나 메뉴얼 등은 제대로 숙지를 못했기에 사용에 익숙하게 적응좀 해야 겠습니다뚜껑 여는게 에어팟의 자성 강한 느낌이랑 틀리는게 에어팟느낌이 더 좋다고 느낍니다저는 에어팟을 안쓰지만 옆에 쓰는 걸로 열어보기만 했어요음질이 차이나는지는 모르겠지만앞서 저는 막귀 이기 때문에 이정도 사운드는 훌륭 하다고 느낍니다,1,0
25,25,5,1 내부 포장 및 배송 사진으로 보시다시피 제품 포장 자체는 달라진 점이 거의 없습니다 버즈와 동일한 구성입니다 배송 포장은 에어캡 없이 박스에 제품박스가 담겨져 왔습니다 물건이 워낙 가벼우니 별 문제 없겠지만 조금 아쉬운 부분입니다 그래도 정가로 17만원 이상하는 제품인데 안전 포장이 필요해 보입니다2 디자인 케이스 크기와 모양이 전혀 바뀌지 않았기에 기존 버즈의 커버를 그대로 사용할 수 있습니다 버즈에 비해 글로시한 소재로 바뀌었기 때문에 케이스와 이어폰에 지문이 선명하게 남습니다 이 부분 때문에 이어폰은 몰라도 보관케이스는 커버가 필수로 보입니다 바로 집에 있는 케이스를 장착3 실사용 느낌 첫 번째 케이스 마그네틱의 강도가 세졌습니다 이건 확실히 느껴지네요 이어폰 충전 부분이 좀더 깊이 들어갔습니다 이 것도 사진으로 찍었어야 했는데 사용하다 보니 알게 되었습니다 음악을 들으면서 기존 버즈 대비 확연하게 좋아졌다고 느끼기엔 조금 애매했습니다 오디오 전문가가 아니라 일반인의 입장에서 보면 크게 차이 나는 부분은 없었습니다 단지 웨어러블 소프트를 통해 자체 이퀄라이져를 만져 주면 좀더 풍성한 소리를 들을 수 있습니다 버즈 에서 자체 제공해 주는 이퀄라이져라 소프트웨어로 이퀄라이져를 만져주면 버즈 보다는 풍성한 소리가 들림  저는 확실히 좋아진 거 같았어요 친구랑 테스트를 위해 통화를 했는데 확실히 또렷하게 들린다고 하더군요 기존 버즈 끼고 통화하면 블루투스 통화라는 게 확 티가 났는데4 편의 기타 주변 소리 듣기가 토글로 바뀌었습니다 그리고 웨어러블 SW에서 3단계 조절이 가능해 졌습니다 기존에는 길게 누르고 있다가 손을 떼면 바로 주변소리 듣기 통화 중 주변 소리 듣기 기능도 생겼네요 이건 SW 업데이트로 인한 기능인지 버즈 고유 기능인지 잘 모르겠군요5 총평 청음 보다는 통화에 좀더 집중해서 업데이트 한 느낌이 납니다 그리고 배터리 사용시간이 늘어난 것 체감이 되네요 기존 버즈도 사용했기 때문에 버즈 로 바로 업데이트 했습니다전 통화보다 음악을 많이 듣기 때문에 음향 쪽으로 좀 더 발전이 있기를 바랬는데 버즈 대비 확 와 닿는 부분은 없었습니다그래도 버즈에 비해 편의사양이 크게 개선 되어 나와서~ ,1,0
31,31,5,60을 내다보면서 뭘 이리 센 가격대의 제품을 쓰나 하는 고민을 하게 하는 제품이었네요 듣는거라고는 설거지나 청소할때 성경말씀 듣는게 거의 90를 차지하는지라 장바구니에 담아두고 고민하기를 여러날 했던거 같습니다 아들에게 부탁해서 운동할때 들으려 저렴한거 사서 써봤는데 딱 돈만큼 사용하고 한쪽것이 들리지 않아서 결국 바리는 일을 저지르고 말았네요 제 나름대로는 소비제품에 약간의 비용을 지불한듯해서 제대로된 평을 하고파 구매후 사용을 한번 해보았답니다 일단은 색상이 연한 하늘빛이라 마음에 드네요 물론 취양에 따라 다르겠지만 선명한것은 처음에 확 눈에 들어오다가 질리기도 금새 질리더라구요 두번째는 귀에 딱 맞아서인지 기술력인지 진짜 밖에 소리 잘 안들리고 상대방어 소리를 들을수 있었어요 또 전화시 다른 소음도 확실히 전번거랑 비교될정도로 잡음이 덜들려서 좋았어요 계단오르기와 작은 뜀박에도 떨어지지 않았네요 귀에 안착감이 좋아서 장시간에도 통증 없어서 생활속에서 즐겨 사용하고 있어요,1,0
35,35,5,한 달 사용해본 후기로 일단 qcyt1에서 넘어왔는데요급이 다른 수준 같지만 의외로 qcy사운드에 감탄일단 공간감이나 해상력은 좋아진 게 느껴졌는데 베이스음이 너무 약해서 이어폰이 귀를 때리는 저음 사운드가 없다는게 너~~~무 아쉬웠습니다 EQ를 정말 여러가지로 변경해봤지만 qcy만큼의 저음은 못 찾았네요 사운드는 만족합니다 가장 큰 장점은 어플과 연계한 빠른 연결성과 인식속도 및 터치 편의성인 것 같습니다 터치도 너무 잘 인식하구요 음량조절은 이어폰을 직접 터치하는 것보다 귀 뒷부분을 터치하는 게 더 잘 인식되긴합니다 스마트폰갤럭시이 좀 오래된 기종인데도 끊김이 거의 없었습니다 마지막으로 주변소리듣기 기능은 노래소리를 크게 듣고 있으면 솔직히 최대로 해놓아도 주변소리가 잘 안 들리긴합니다 노래소리를 줄이면 큰 소리들은 날카롭게 들리지만 대화는 가능할 정도는 되구요 신기한 기능이라고 생각됐습니다 통품도 준수합니다 좋습니다 추천드려요,1,0
41,41,5,버즈 플러스가 딱 맞게 들어가서 부피를 줄이고 제품 충격에 영향을 안 줄거같은 작은 택배상자부터 뭔가 다름을 느꼈는데 기본포장이긴 하지만 다른 최저가 쇼핑몰 후기에 큰 박스에 뽁뽁이 없이 배송됐다는 말을 봐서 그나마 신경써주셨구나 느꼈습니다버즈 VS 에어팟 비교분석을 유튜브 벼락치기로 하고 구매한거라 처음에 연결하는 방법만 알았지 그 멋나다는 이어폰 뚜껑열면 나오는 이어폰 충전상태 애니메이션 나오게 하는 방법도 모르고 이어폰을 끼고 폰 음량 최대로 올렸는데도 소리가 작아서 뭐지 불량인가 하면서 약간 헤맸는데 네이버 삼성스마트폰카페가 많이 도움이 되더군요버즈는 그냥 뚜껑열면 충전상태 애니메이션이 나왔다고 하는거 같은데 이번 플러스는 smartthings 앱 깔고 휴대폰 설정에서 검색창에 기타 연결 설정에 들어가서 주변 디바이스 찾기 누르면 되더라구요그리고 버즈내에 음량조절하는거 있어요갤럭시 웨어러블 앱에서 터치패드에서 조정할 수 있어요 더 써봐야 알겠지만 ,1,0
42,42,4,이거 K에서 사면 더 싸게 살 수 있는데 문상받은게 있었서 여기서 샀습니다만 만약에 여기서 그냥 자기돈 내서 사실 분은 여기서 사지 마세요 그리고 노이즈캔슬링이 있는 줄 알고 샀는데 그냥 AKG튜닝이네요 뭐 제가 제대로 보지 않고 산 제 잘못이니까요 전체적으로 마감 좋고 사운드 좋고 ANC가 빠지건 조금 아쉽지만 기존에 사용하던 소니 헤드폰 보다 NC가 잘 되네요 전용 앱도 있어서 유용해요 전체적으로 기대 준수입니다 음 조금 더 저렴하게 구매했다면 더 좋았을 것을 이란 생각이 듭니다만 그래도 기대 이하는 아니여서 나름 만족합니다 한 가지 더 조언을 해 주자면 배터리가 확실히 다른 무선 이어폰에 비해 적어요 여기서는 11시간이 사용 가능한 대용량이라고 하지만 옆 동네 anker만 가도 26시간은 기본으로 뽑습니다 그것도 3만이나 더 저렴하게 NC 빼고는 별 4개 NC 포함 별 45개 입니다 다음 세대에는 ANC탑재를 기원합니다~ 여기는 45는 않되서 4개 드립니다,1,0
44,44,5,확실히 저가 무선이어폰에 비하면 음향이나 음질이 뛰어나지만음 좀 의외다 싶은 부분이 있다면커널형치고는 생각보다는 외부소리가 잘 들린다는 거유선 커널이어폰 정도를 생각했는데그 정도는 아니고 유선 오픈형 이어폰을 살짝 생각나게 하더라고요버즈라이브와 플러스 고민하다가 커널형이라는 점에서 플러스 산거였는데 기회되면뭔가 혹평만 한 것 같지만 그래도 있습니다무엇보다 배송이 빨리 온 거랑2020년 11월 버전을 보내주신 게 마음에 드네요,1,0
45,45,5,저는 유선이어폰을 잘 쓰는 사람이라 무선이어폰의 필요성을 못느끼고 살았습니다 굳이 비싸고 심지어 충전까지 따로 해야하는 무선이어폰을 왜 사야하지 라는 생각을 가졌었으나 최신폰들은 이어폰단자랑 충전단자가 하나로 통일되어 불편함을 느끼던 와중 잘 쓰던 유선이어폰도 잃어버려 큰 맘 먹고 구매했습니다여러 리뷰에서 과방전이나 불량제품이라는 안좋은 이야기 때문에 걱정이 많았는데 여기는 배송도 빠르고 과방전 같은 것도 없이 페어링이 잘 되었어요 써보니까 확실히 선이 없어 편하고 활동에 제약없이 좀더 자유로운게 좋네요 제가 귓구멍도 오른쪽이 왼쪽이랑 다르게 생겼는지 유선이어폰은 오른쪽이 흘러내렸는데 이 아이는 그런 것 없이 잘 맞습니다 그동안 안맞으면 어떡하지 걷다가 떨어뜨리면 어쩌지 걱정이 불구하게 참 좋아서  감사합니다,1,0
46,46,5,와이프 선물해주려고 무선이어폰을 이틀정도 검색하고 알아봤는데 저가형은 as도 번거롭고 금방고장나고 조금 가격대를 올려서 찾다가 버즈로 마음을 굳히고 버즈라이브와 플러스중에 고민하다가 결국엔 버즈플러스로 결정했습니다리뷰에 한쪽이 안들린다는 리뷰보고 걱정했는데 이상있으면 서비스센터 갈생각으로 구매했어요삼성서비스센터는 많으니까요 다행이 양쪽모두 소리 잘나오구요 현재 와이프가 사용법익히고 있습니다제품도 이쁘고 구매 잘한거같습니다사용해보고 한달후기 남길께요마지막사진 케이스는 개인적으로 따로 구매한거에요,1,0
62,62,4,두달 사용 후기 일단 좋긴 좋아요 무선이어폰인만큼 유선에비해 굉장히 자유롭습니다 그리고 배터리도 엄청 오래가요 그런데 사용하다보니 잔고장 오류 같은게 있더라구요 일단 폰이 갤럭시가 아니라서 그런가 버즈랑 연결이 좀 느려요 느린거 알고 사긴했는데 시간이 지날수록 더 느려지는 느낌 폰과 이어폰이 한 15~20걸음 정도 멀어지면 연결이 잘 안돼요실내기준 폰을 거실에 두고 다른방에 들어가면 뚝뚝 끊겨요 약간 벽에 가로 막히면 소리가 끊긴다고 보면 돼요 그리고 갑자기 뜬금없이 소리가 끊길때가 있어요 예를 들면 잘 들리다가 다음 노래 재생했더니 소리가 안들린다던가 하는 경우요 음량조절도 안먹을때가 있어요 보통은 재연결하면 해결됐는데 안될때도 있더라구요 그럴땐 그냥 블루투스 끄고 이어폰을 하루 이틀정도 방치하다 다시 연결하면 되더라구요 지금까지 2번 그랬습니다그래도 지금까지 서비스센터를 갈 정도로 고장이 난것도 아니니 잘 쓰고있습니다ㅋㅋㅋ,1,0
63,63,5,왼쪽이 과방전 이었지만 인터넷 검색해서 해결했어요 파란색은 과방전 상품이 많은가봐요 이거 스스로 고치는거 귀찮으신분들은 흰색 주문하는게 좋을듯합니다 하지만 파란색이 예쁘기때문에 파란색 주문해서 고치는것도 괜찮은거같아요 터치하는부분에 핑크홀로그램이 보일듯말듯 들어가있어요 개인취향이지만 흰색보다 질리지 않을것같은 색입니다배송도 하루만에 왔고 잘 들려요 싸구려 쓰다가 귀가 아파서 바꿨는데 귀에 안정감이 있네요 무엇보다 베터리가 오래가요 하루종일 연결하고있어도 중간에 충전 하라는 메세지가 안떠요근데 터치인식이 너무 예민해서 귀에 낄때 자꾸 반응해요 그래서 터치기능 꺼야합니다 그게좀 아쉬워요,1,0
65,65,4,좋아요~~~ 많이파세오~~~케이스 불량이예요버즈플러스제품인데 케이스는 버즈인가요 미묘하게안맞아서 뚜껑이 안붙어요너무ㅡㅡㅡ이후에 걸 알았어요접착필름 넉넉하게 5개 보내주신다고해서 받았는데 실제로 4개 왔구요이것도 옥천에서 묶여잇다가 일주일만에 배송받음처음에 붙엿더니 또 안붙어서ㅠㅠ 하나버리고 다시 붙였어요접착력이 안좋은듯어쨌든 지금은 잘붙여서 다니고있는데 혹시나 어느샌가 접착력이 풀려서 떨어질까봐걱정이긴해요ㅜ많이파세요,1,0
67,67,4,버즈 라이브 좋긴 좋은데 버즈 플러스랑 차이점을 별로 못 느끼겠습니다 제가 막귀인 것도 있는데요 음질이 플러스보다 조금 더 좋은 정도 비슷비슷한데 오픈형이다 보니까 노래가 좀 퍼지는 느낌은 있어요 착용감이 좋다고 그러던데 연골이 좀 아픕니다 그리고 약간 헐렁한 느낌 좀 빠질 것 같은 느낌도 있어요 근데 안 빠집니다 귀에 안 맞아서 그런 것도 있어요 사람마다 다 다를 것 같아요 노이즈 캔슬링은 진짜 완전 쓸모가 없었습니다 하나 안 하나 차이점이 없었어요 버즈 플러스보다 배터리가 더 적던데 음 버즈 플러스 쓰시는 분은 계속 그거 쓰시는 것도 나쁘지 않을 것 같네용 물론 버즈 라이브 좋긴 좋아요 음질은 퍼지는 느낌이 딱 좋더라구요,1,0
68,68,4,대체로 편하고 좋은데 불편한 점을 꼽아보자면침대에 누워있을때 분명 귀에서 빠진 느낌이 없었는데 귀에서 빠졌다고 인지하는지 영상을 보는 중간중간에 멈출때가 있더라구요 그러면 뺐다가 다시 끼지 않는 이상 터치패드가 안먹힙니다그건 누워있을때만 그런거니까 제 귀모양이 잘 안맞는 모양일수도 있어요 평상시에는 크게 불편하진 않습니다그리고 최근따라 갑자기 블루투스 연결이 끊길때가 아주 가끔 있더라구요 다시 연결하면 제대로 작동하지만 공공장소에서 연결 끊기는 소리가 들리면 소리기 갑자기 스피커로 나올까봐 쫄려서ㅎㅎ그것말고는 다 편해요 충전도 저는 23일에 한번씩 하는편이에요 배터리 찡짱 오래가요 첨엔 윙팁때문에 날개 없는 윙팁을 사용했었는데 그러니까 귀에서 잘 빠지더라구요 날개 달린 윙팁도 며칠지나니까 적응돼서 이제 아무느낌 안나요 ,1,0
81,81,5,구매 이유  조깅할때 선이 걸리적거려서통화는 상대방이 잡음과 음질때문에불편할것같아서 이걸로는 사용안할예정외관  화이트는 머리속으로 아니다 아니다 해도 자꾸애플이미지가 연상되어서 블랙으로 구매함 착용감  일반 유선 번들이어폰들 착용감과 크게 다르지않음귀모양이 꽤 많이 일반적이지 않은 사람들에게는어떨지 모르겠지만 평범한 내 귀에는 편하고 안빠짐스몰미듐라지 세 사이즈로 귓바퀴고정용부품 귓구멍에 넣는부품이 들어있기때문에 자신에 맞춰서 사용하면 될듯함버즈플러스 후속작으로 버즈빈으로 불리던 버즈 라이브가 출시된다고 해서 고민했지만버즈플러스를 ,1,0
86,86,5,집 앞 대리점가서 구입한 버드 만족스럽게 잘 사용하다가 갑자기 오른쪽만 신호가 아예 안 먹혀 급하게 AS센터에서 서비스 받아 안심하며 집와서 수업 듣기 위해 착용했는데 웬걸 멀쩡하던 왼쪽까지 신호가 안 잡히는 황당한 일이이럴거면 아침부터 서비스센터는 왜 쫓아간건지 좀 어의 없고 화가 났네요 다시 서비스센터 갈까하다가 당장 월욜부터 온라인 수업도 들어야해서 토요일밤 급하게 배송 빠르고 조금이라도 싸게 살 수 있는 사이트 훑어 보다가 자정 다 되어서 주문했는데 주말 빼고 2일 걸렸네요 월욜 하루종일 수업 듣느라 무선 쓰다가 유선 쓰니까 불편하다는 아들때문에 배송 늦을까 걱정했는데 빠른 배송에 감사 드립니다 저번 버즈는 화이트 색상이라 깔끔하고 무난해서 좋았었는데 이번에는 산뜻한 블루로 주문했어요 블루 색상 강추 합니다 화면으로 볼때는 좀 더 짙은 블루같아서 촌스러우면 어쩌나 걱정했는데 배송 온 거 보니 화면보다 밝은 블루라 이뻐서 아들도 좋이라 합니다 이번엔 고장없이 오래 잘 사용했으면 좋겄어요,1,0
91,91,5,다른 쇼핑몰에서 구매하려고 봤더니 핑크 색상이 품절이거나 너무 비싸게 팔아서 알아보다가 구매했는데 저렴하게 잘 구매한 것 같아요 후기에 연결이 잘 안되서 서비스센터 갔다는 후기가 있길래 걱정했는데 연결 안되길래 인터넷에 검색해보니 완전방전인 경우 안된다길래 완충시키고 연결안되는 쪽 케이스에 넣었다 뺏다 반복하면서 빨간불 뜰 때 충전 다시 시키니까 완충되서 문제 없이 연결 되었어요 서비스센터 안가도 집에서 간단하게 연결하기 쉬워서 저렴한 가격에 핑크색 버즈 구매해서 너무 좋아요?,1,0
94,94,4,사전 예약이라 빠른 배송을 받을 수 있지 않을까 했는데 거의 일주일 걸려서 오더라고요 처음에는 그 주 토요일 배송 완료였다가 수요일로 밀리고 이것만 기다렸는데 계속 늦어져서 속상했어요 막 쿠팡이나 11번가 최저가 가격도 떨어지고 거기가 더 빨리 온다는 말에 울기 직전이었던 기다리고 기다려서 제품 온 날 바로 열어서 가족들한테 다 자랑하고 다녔네요 요즘은 운동하러 나갈 때도 머리 귀 뒤로 다 넘기고 다닌답니다 나 버즈 플러스 블루다 자랑하고 다니는 중 버즈 귀 아프다는 분들 많아서 걱정 많이 했었는데 저는 아직 괜찮구요 블루 색상 너무 예쁘네요 케이스에 끼우면 자동으로 이어버드가 충전이 되어서 그런지 케이스 배터리 줄어드는 속도가 꽤 빠른 듯 한데 이건 원래 그런 건지 잘 모르겠더라고요 폰 고치러 삼성 서비스 센터 갈 때 한 번 물어보려고요 제품 색상이랑 기능은 다 좋은데 배송이 너무 늦어져서 별은 하나 뺄게요 ㅠㅠ 에어팟 프로는 가격 부담 너무 심하고 에어팟 2세대는 갤럭시 폰이 영상 볼 때 약간의 딜레이가 있을 거다 하고 갤럭시는 버즈지 하는 분들도 많고 버즈는 통화 품질이 거지라고 해서 플러스 존버했는데 존버는 성공인 것 같아요 블루 예뻐요 천년만년 함께 살자 내 버즈 ♡♡,1,0
95,95,3,버즈플러스를 기존에 사용하다가 분실로인해 재구매하게죄었는데요일단 부족한점으로는 기존에 쓰던것보다 블루투스 연결부부분이 조금 약합니다귀에 조금만 뭐가 닿아도 소리가 바로 끊기고 블루투스 사정거리도 전보다 조금 더 짧아졌습니다사실 교환할까 고민도했지만 당장 필요하기에 일단 불편을 조금 감수해볼까합니다제가 운이 안좋은듯하니 다른분들에게는 정상적인 제품이 가기를 바래요그래도함께 구매한 철방지용 스티커도 너무 예뻐서 있어요ㅎㅎ,1,0
100,100,3,2020 akg 적용이라고 적혀있길래 다른 버즈 플러스보다 더 좋은 건가 하고 여기서 샀는데무선이어폰잘모름 도착 후에 다른 사이트 다시 봤더니 다른 버즈 플러스랑 똑같더라구요 가격도 더 싼곳 얼마든지 찾을 수 있었는데 그냥 네이버 검색 첫번째로 나오기도 했고 급 빨리 쓰고 싶어서 여기서 샀어요처음 무선 이어폰 써보는데 생각보다 가벼워요 첫 무선 이어폰으로 괜찮을 것 같아요,1,0
102,102,5,2017년부터 에어팟 1세대를 써오다가 배터리 타임 때문에 버즈 플러스로 넘어왔습니다 현재 아이폰 xs와 갤럭시 탭s4를 사용중이구요 우선 버즈 플러스는 아이폰과 호환이 부족함 없이 잘됩니다 에어팟의 경우는 알림창에서만 배터리가 표시되지만 버즈는 알림창과 컨트롤 패널에서 둘다 배터리가 표시되며 갤럭시에서 쓰던 기능도 게임모드 이거 빼고는 그대로 다 됩니다 에어팟 1세대와 비교시 버즈가 페어링 속도도 좀 더 빠르구요 레이턴시는 에어팟이 더 짧습니다 다만 게임을 하지 않는다면 어차피 유튜브나 넷플릭스 같은 어플은 자동으로 보정되는 부분이니 걱정 안해도 될 것 같습니다 에어팟의 경우는 3년동안 열심히 써서 그런지 이제는 한시간 반만 돼도 배터리가 10퍼 남았다고 울립니다 에어팟으로 이미 충전 세번은 하고도 남았을 시간에도 80퍼 남아있는거 보고 진짜 전율 돋았습니다 배터리 타임 하나만 놓고 보더라도 정말 높은 점수 받을만합니다 사냥의 시간 에어팟 25번 충전하면서 봤습니다 착용시에  다만  또한 오픈형에서 오는 착용감도 에어팟이 더 낫습니다 에어팟도 음질이 충분히 괜찮지만 버즈플러스 이큐 잘 만져주면 에어팟보다 낫습니다특히  이건 좀 단점이라고 봅니다 톤플러스를 시작으로 블루투스 생활을 5년동안 해보니 제 입장에선 적당한 음질은 내준다면 배터리 타임이 가장 중요하더라구요 에어팟 배터리 타임이 짧아지는 것을 보면서 많이 절감하였습니다 버즈로 교체한 이유는 음질이나 호환 문제가 아니라 오직 배터리타임 때문이었습니다 그 부분에서 대만족이구요 세부 디테일 케이스 내부 플라스틱 재질 자성 세기 기본 폼팁 스타일 음악 나오는 부분 철망 짜임새와 재질에서 에어팟에 비해 어설프고 아쉽지만 갤럭시 버즈 시리즈 존버 해봐도 괜찮을것 같아요 13만원대에 이정도면 충분히 괜찮아요  도서관에서 오랫동안 음악을 감상하시거나 인강을 보시는 분 영화나 미드 몰아서3편 이상 많이 보시는 분  버즈 평소 1회 음악 감상이 두시간 이내 미드50분짜리 두편 정도로 보시는 분 에어팟 가셔도 좋습니다 ,1,0
106,106,4,나의 갤럭시버즈 플러스 BTS에디션차이팟만 쓰다가 첨으로 큰돈 질러서 산 보라돌이 버즈플입니다 보라색과 검정 하트가 너무 예쁘고 봐도봐도 역시 잘샀구나싶더라고요 왜 사람들이 예뻐서 지르는가싶었는데 내가 원하는것을 지른다는건 상상이상으로 뿌듯한 일이더라고요,1,0
111,111,5,전에쓰던 저가 이어폰보다 훨씬 좋긴하네요통화용으로 쓰는데 잡음도없고좋네요첨엔윙팁중으로썼는데 귀가아파서 뿔없는소형윙팁사용으로문제해결휴대폰 박살나서 일단 저가형 겔럭시a42쓰고있는데 빅스비지원안됨하지만 이어폰 길게눌러보니 구글어시스턴트지원되네요단점이라면 이어폰터치가 불편하네요쓰다보면적응되겠죠,1,0
112,112,4,실망했어요 별로에요 음질이 좋아졌다더니 qcy만도 못해요 사과랑은 비교도 안돼요 미세하게 지직거리는 잡음이 너무 심해요 카세트테이프듣는 기분이에요 귀에 잘 맞지도 않아서 자꾸 빠져요 삼성 버즈 시리즈 한 번 경험해본걸로 만족할래요 블루투스 연결은 빨라요,1,0
113,113,5,받자마자 연결했는데 저는 오른쪽이 연결이 안되더라구요ㅠㅠ버즈플러스가 이런경우가 많다고 미리알고있어서 크게 당황은 안했습니다케이스에 잘되는쪽만넣고 충전을 어느정도 해주고나서 잘되는쪽은 빼고 방전된쪽만 넣고 다시 충전을 진행해 주었어요 방전된쪽은 케이스에넣고 5초~30초 기다리다보면 금방 초록불로 바뀌더라구요 이러면 충전이 제대로 안되는거니까 계속 다시 넣어줘야돼요 한 20번은 시도 한거같아요 ㅠ 결국 충전성공하고 써보니 그뒤로는 정상작동 합니다~ 저도 다른분 후기나 블로그보고 찾은거라서 제글이 이해안되면 인터넷에서 찾아서 그대로 해보시면 될거같아요 ~,1,0
115,115,4,최근에 나온 제품 다 필요 없고 그냥 무조건 배터리 오래 갔으면 좋겠다 해서 구매했는데 그 부분은 만족스럽습니다 한번 착용하고 1시간 넘게 음악 들어도 배터리 90대 더라구요 그런데 짧게 음악 듣고 케이스에 넣어두면 배터리가 98여도 케이스 밧데리는 계속 써야하니까 케이스 배터리가 빨리 닳는 것 같아요 그리고 오래 착용하면 왼쪽 귀가 아픕니다 워낙 귀가 작아서 오픈형은 자꾸 빠지는지라 커널형 구매했는데 아픈건 어쩔 수 없더라구요 그리고 최근에 이어폰 고무 부분이 피부 트러블 염증을 유발한다는 얘기가 있어서 착용 하기가 좀 조심스러워지네요,1,0
120,120,5,무선 이어폰은 혁명이고 무조건 배터리가 길어야 좋습니다ㅜㅜㅜ그런 점에서 버즈 플러스는 최고입니다개인적으로 최근에 나온 버즈 라이브 정말 기대하고 기다렸는데 귀가 작아서 버즈라이브는 안 들어가더라구요그래서 그냥 버즈플러스 구입했는데 사용시간도 길고 누음바깥으로 독서실에서 이어폰 주로 쓰시는 분 귀가 작은 분은 오픈형으로 소리가 잘 새고 배터리 사용시간이 짧은 라이브보다는 버즈플러스 추천합니다 ,1,0
122,122,5,다괜찮은대 한쪽이 설정이안되서 검색해보니 버그걸려서그렇타고 되게하려면 센터가서 한쪽업대이트 시켜야함 거기서만됨 인터넷 검색한대 보니 20년 1월~3월까지 제조일은 한쪽이 켜지지도않는다고 꼭서비스센터 가서 시켜야한다고 나와있었음 그거빼고는 검나좋음 센터없댓 말고는 불편한거없음 진짜잘들리고 잘됨 잘쓰겠어요 이거 한번만 센터가면 안가도됨,1,0
126,126,5,무선쓰다보면 유선은 못쓰겠더라고요 음악감상을 주로 사용하고 가끔 드라마나 영화를 보는데 기존에 너무 잘 사용하던 ㅍㅅㄴ제품은 구매한지 오래되어 사용시간이 너무 짧아 ㅅㅋㅇ 제품을 구매했더니 불량이오고  귀찮게 접수해가며 교환받았더니 또 불량  성질만 버리고 역시 기계는 삼성이라며 구매하려던 찰나에 타임딜 떠서 저렴하게 구매했어요 수량이 금방 빠질까봐 마음이 급했는데 웬만하면 무선이어폰 하나씩은 갖고계시는지 생각보다 수량이 확확 빠지지는 않더라고요 신랑의 권유 강요로 블랙 먼저 구매했다가 영 마음에 안들어서 ㅋㅋㅋ 저는 블루로 추가구매했어요 타임딜가는 아이디당 한번씩만 적용되는것같더라고요 중고등학생때부터 이어폰을 많이 사용해서그런지 저는 30대 초반임에도 가는귀가 먹었어요 ㅋㅋㅋㅋㅋ 왜 그런분들 계시죠 못 들었는데 분위기상 들은척 할 수밖에 없는 ㅜㅜ 제가 그런데 주변소리듣기는 정말 신세계에요 ㅜㅜ 아마 보청기를 낀다면 이런 느낌이 아닐까싶을정도로 주변 소리가 너무 잘 들려요 ㅜㅜㅜㅜㅜ 물론 깔끔하게 들리지 않고 약간 기계음처럼 큰 소리는 살짝 지지직 거리는것처럼 들리기도하는데 실험실로 4단계까지 높였더니 못 알아듣는 말이 없어요 ㅜㅜ 마스크때문에 입모양도 알아보기 어려운 요즘이었는데 정말 최고에요 ㅜㅜ 팁은 SML 3개가 들어있고 기본은 M사이즈가 껴있는데 L로 바꾸니 케이스에 착하고 붙는 느낌이 덜한듯해서 다시 M사이즈로 바꿔 사용중이에요 핸드폰도 갤럭시라 등록하기 너무 편했고 보통 이어폰 잔량만 나왔다면   터치감도가 예민하다는 평이 종종 보였는데 터치부분을 건드리지 않고 잡을 수 있게 디자인되어 익숙해지면 그 부분도 신경쓰이지 않을것같아요  ㅅㅋㅇ제품 쓰면서 성질 다 버렸는데 다시 평온을 찾게되었어요 역시 기계는 삼성,1,0
129,129,5,벌써 한달 넘게 사용함음질은 괜찮은 편임이전 qcy 보단 좀더 깔끔하고 풍성한듯단 금액만큼 체감이 크진 않음벗 배터리 오래가고 사용하기가 너무 편함갤럭시 폰이랑 궁합도 잘 맞는듯작아서 휴대성도 좋고안좋은 평이 있어서 내심 걱정했는데기우였음누가 사도 되냐고 물어보면 저극추천 할듯늦은 감이 있지만 케이스 고르는 중ㅋ이만,1,0
134,134,5,장점2마넌대 쓰던사람 눈높이로1긴밧데리 재생시간2통화품질 좋음3음량조절 짱단점ㅡ아무래도 비싸다ㅋ오전에 주문해서 담날바로 수령했어요몇천원 더 싼곳도 있던데 후기가 안좋더라구요그래서 후기많고 검증된 이샵에서 구매했구요몰랐는데 저번에 남친생일선물도 동모델 블랙으로 이곳에서 주문했드라구요ㅋ한두달 전보단 쿠폰써서 몇천원더 싸게 샀네요2만원대제품 밧데리3시간짜리두개로 번갈아 들었는데그건 음량을 젤 작게해도 컸었는데 버즈는 조절되서 좋구요싸구려는 듣다가 저나오믄 통화상대가 잡음 많고 잘 안들린대서 블투를 끄고 통종료후 다시켜야하는게 엄청 짜증났는데 이젠 안그래두 되는게 넘 좋아요이틀째 사용중인데 막귀라 음질은 좋아졌나싶은정도ㅋㅋ,1,0
141,141,4,갤럭시 아이콘 쓰다가 못찾겠어서 프로랑 고민하다 질렀는데 박스 뜯고 바로 원래꺼 찾았다는 ㅜ 음질 좋다고 해서 기대했는데 개인적으로믄 아이콘 음질이 더 좋게 들려요 요건 좀 챙챙 된다고 해야하나 저는 이어폰은 음질 위주라 개인적으로 좀 별로네요ㅠㅠㅠ 착용감은 아이콘쓰다 쓰면 헐렁합니다 ㅜ 아쉽네요 디자인예뻐서 기대했는데 저는 커널형이 맞고 이번프로 디자인은 개인적으로 별로라 암튼 아이콘 가지고 계시는분들은 존버하셔도 좋을듯,1,0
148,148,5,살 계획이 없었는데 기존 사용하던 블루투스 이어폰을 잃어버리는 바람에ㅠㅠ 폰이 갤노트10이라서 같은 삼성으로 구매했구요 일단 배송이 빨라서 아주 좋았어요 그리고 갑자기 색상 변경을 해달라고 너무 늦게 말씀드려서 발송되었을 줄 알았는데 원하는 색으로 변경되어서 와서 기뻤어요 오자마자 사용해봤는데 오늘 바람이 심하게 불어서 그런가 외부음듣기하니까 바람 소음이 장난아니더라구요 귀에 착용감은 편했어요 음질도 맘에 들구요 개인적으로 흰색을 선호하지만 흰색하니까 눈에 띄질않아서 또 잃어버릴까봐 일부러 하늘색 선택했어요 핑크할까했는데 솔직히 지금 핑크는 너무 촌스러워요 골드핑크나 더 연한 스킨핑크 그런색상이 있으면 좋겠어요♡,1,0
151,151,5,너무너무너무 이쁩니다요오로지 음악영화보기로 사용할예정이라통화 음질 뭐그런건 신경쓰지않습니다이쁩니다ㅋ보통 이어폰 쓰다보면 귀가아파서잘못쓰는데 매우귀가 작아서 다른건 맞지도 않더라고요ㅠㅋㅋ,1,0
154,154,5,2월 13일 예약하고 14일 발송되서 다음날 받을줄 알았는데 주말빼고 3일 걸렸네요완충제로 감싸긴했는데 박스안 공간이 있어 움직이지만 다행히 상품에 문제없네요제품은 정말 좋고 내가 원하는 기능을 선택하고 바꿀수 있어서 편리하네요 또한 음질도 손색이 없고 외부소리를 들을수 있으니 편리합니다 다만 에어팟쓰다 버즈쓰니 꼽고 빼는게 어색하네요버즈플러스 정말 잘 산것 같아요,1,0
161,161,5,배송도 빠르고 제조일도 7월 제품으로 보내주셨어요 색상 고르느라 한참 걸렸는데 선물 받은 친구가 좋아하네요흰색은 때타는게 싫어서 블랙 선택알고는 있었지만 먼지 엄청 달라붙습니다 자석 붙듯이 잘 떨어지지도 않아요 유광 블랙이라 티도 많이 납니다,1,0
163,163,5,저는 일하면서 사용중이라 양쪽을 한꺼번에 쓰지않고한쪽씩 번갈아가면서 사용하는데요배터리 하루종일10시간충분 가고 다른쪽 또 사용하면 케이스 한번완충시 20시간 이상 거뜬하네요타사 대륙산저렴이는 한쪽 사용 배터리 다 쓰면 나머지한쪽도 사용못하는거여서 두개를사서 번갈아썼는데 진작 살걸 그랬네요~다만 착용시 귀가 좀 아프긴 합니다,1,0
164,164,5,깔끔한 디자인과 오래가는 배터리가 좋고 페어링이 빠르고 주변소리가 잘 들려요 너무 안들리면 사고위험이나 주변에서 말걸때 안들려서 전 잘들리는게 편하고 단점은 기본 사이즈가 있어서 끼면 티가 너무 나고 터치가 민감해서 조금만 스쳐도 일시정지 되는점이 불편했어요 사이즈가 작아 휴대하기 편할듯 하고 개인적으로 배달시 포장이 더 튼튼했으면 합니다 상자가 살짝 구겨져와서 철렁했어요 삼성센터가 집에서 40분 걸리는데 오자마자 가야할까봐요 다행히 상품은 괜찮은듯 합니다,1,0
166,166,5,기존에 사용하던 버즈를 업그레이드시키는 차원에서 버즈플러스 구매 전체적인 크기 형태 비슷 99일치하는듯 기존 버즈충전기에 버즈플러스 이어폰을 충전도 가능 음질은 조금 나은듯 통화품질은 확실히 좋아진듯 유광이라 번떡거리는 차이 빼고 외형적인 변화가 너무 없다 버즈이어폰을 꺼낼때 잘 잡히지않아 미끄러지는 경우가 있는데 개선이 안됐네요 외형이 같으니까 밧데리 성능은 확인 안해봤지만 종일 귀에 꽂고다니는 것이 아니다보니 안티노이즈 기능은 없는걸로 티비광고는 과장광고로 생각됨,1,0
167,167,4,처음에 연결하는데 계속 안 되길래 유튜브 찾아보고 이런 저런 방법을 시도해봤는데 다 안 되더라구요 불량인가 싶어서 너무 답답했는데 후기에 상품이 오랫동안 업데이트가 안되어서 블루투스 연결이 아예 안됐다는 글이 있더라구요ㅠ 그래서 서비스 센터가서 업데이트해왔습니다ㅠ 번거로웠지만 상품은 너무 예쁘네요 불편하다는 평이 있던데 저는 편하기만 합니다 잘 산 것 같아요,1,0
168,168,3,리뷰보고 과방전 이슈 걱정했는데역시나 있었어요받자마자 첫완충 후 사용하였는데왼쪽 이어폰 인식이 안되서 한창 인터넷 찾아보니 과방전이라고 겨우 해결했네요그 이후로 이틀 사용중인데 딱히 이상은 없어보여요저랑 비슷한 증상있으신 분들은인터넷에 버즈 과방전 검색해보시고 해결하시길,1,0
169,169,3,배송은 거의 이틀만에 왔고 29일밤주문121 도착 음질도 괜찮습니다다만 초반에 핸드폰과 이어폰이 연결이 아예 안돼서 연결은 됐다고 뜨는데 소리가 안들림 고객센터 세번 전화후 먼거리의 as센터까지 직접 다녀와야해서 체력정신력 소모가 컸습니다이어폰자체는 써보니 나쁘지 않고 가성비 좋습니다다만 서비스나 업데이트 문제 등등이 제대로 이루어지지 않은것같아 그 부분이 별로였습니다 괜히 발걸음하게 만드는 점이 특히요원래는 교환신청하려다가 다시 기다리고 그냥 제가 한번 더 발걸음하게 되었는데 진짜 다시 생각해도 기분이 저조해지네요 여튼 다들 뽑기 화이팅하시길업데이트 후에 보니 연결도 빨리 되는 편입니다,1,0
182,182,5,빠르고 안전한 배송 최근 날짜로 찍혀있는 제조일자 고장이거나 불량이 아닌 새제품 저렴한 가격 버즈 라이브랑 플러스 중에 고민하다가 아무리봐도 라이브의 메리트가 없는듯해서 플러스를 긴 고민끝에 샀습니다 플러스 구입을 희망하시는 분들은 걱정마시고 주문하셔도 좋을듯합니다 ,1,0
184,184,5,한달사용리뷰만 한달째 기다렸어요 ㅎㅎㅎ갤럭시 버즈이하 버즈에서 버즈 플러스이하 플러스로 갈아탔으니 두개 좀 비교해가며 리뷰를 적을게요1 노래 음질 기본 제공되는 이어팁이 아닌 한세트에 1000원 안되는 TB시리즈 메모리 폼팁을 쓰고 있습니다처음 이어폰을 꼈을 때 오~ 딱 이거였어요  쓰다보니 느낀점은버즈  플러스에 비해 저음이 강함플러스  버즈에 비해저 차이점은 취향에 따라 선택이 달라질꺼 같아요개인적인 견해로는  하지만 버즈를 쓸 때는 노래 첫 음에 음~역시하는 이 있었다면 플러스는 그 느낌이 없어요 개인의보니너무 강한건 또 싫어하지만요 음질은 좀 떨어져도 저음이 좀  35만원짜리 자브라 무선 이어폰도 가지고 있는데 버즈든 플러스든 음질은 당연 이 자브라에 비해서는 떨어집니다ㅎ2 베터리버즈에 비해 플러스가 확실하개 베터리 사용량이 길어졌어요 그리고 케이스 뚜껑을 열었을 때 갤럭시에서 케이스의 베터리 잔량을 알려주는데 이게 또 그렇게 편해요 버즈에서 케이스의 베터리 잔량은 쪼꼬만한 led등 초록 주황 빨강 이게 다였다보니 아차 싶으면 버즈 베터리도 동이나서 언제꺼질지 몰라 달달 떨었죠 근데  싶네요3 통화 품질플러스를 사고 싶었던 가장 큰 이유 중에 하나가 바로 이 통화 품질이었는데요 버즈를 사고 가장 게 통화 품질이었기 때문이죠 그래서 플러스를 사고나서 출퇴근길버스 안 지하철역 대로변 등에 일부러 통화를 더 자주 해 봤습니다 결론부터 말씀드리자면  버즈는 주변 소리 때문에 상대방아 내 목소리가 잘 안들렸다면 플러스은 주변소리도 그리고 내 목소리도 모두 크게 들린데요뭐 그래도 통화는 되는거니 아쉽긴 해도 쓰긴 씁니다만 역시나 바람이 많이 불거나차 안에서 에어컨 바람을 바로 맞는다거나 지하철이 역으로 들어오는 순간 같은 시끄러운 환경에서는 통화가 불가능한건 버즈나 플러스나 마찬가지 그래도 위에서 잠시 언급한 35만원짜라 4 기타 좋아진 점플러스에서는 버즈와 다른 몇가지 정점이자 기능이 있어요 일단 이어버드 가장자리 두번 두드리기 기능 버즈에서는 볼륨 조절 하려면 길게 누르기 기능으로 했었는데요 플러스는 길거 누르기 기능을 다른데 쓰고 저 두번 두드리기  그래서 괜히 귀만 두드리게 된다는 그리고 주변소리 듣기가 더 강화 됐어요 어느정도냐면 보청기를 끼는 정도까지는 아니어도 그 느낌은 느낄 수 있을 정도 ㅋㅋㅋ 원래 내 귀로 듣는 소리보다 더 크게 주변 소리를 들을 수 있어요 그개 뭔 필요가 있냐 하시는 분들도 있지만 버스에서 노래를 들으며 지금 도착할 역이 어디인지 듣는다거나 생각지도 못한곳에서 저는 잘 쓰는 기능입니다 ㅎㅎ버즈보다 플러스가 더 발전한건 맞아요 하지만 음질은 취향을 타게 될 것이구요 베터리는 플러스가 더 결론은 새로 사실 때는 당연 플러스를 사지만 버즈 있으신 분들은 다음 모델 출시 될 때까지 좀 더여기까지ㅎ잘 써보고 싶었는데 주저리 주저리 길어지기만 했네요 그럼 저는 이만 콩알을 한번 더 노려보며,1,0
186,186,5,판매자분이 삼성에서 직배송일 거라고 얘기하셔도 잘 이해가 안됐는데 정말 이런 소형가전도 일반 택배가 아닌 삼성 기사분이 제품 들고 집까지 오셨어요 덕분에 더 믿음직하고 안전하게 도착한 기분이 들어서 좋았고 버즈플러스 뽑기운이 있는 것 같은 글을 많이 봤는데 아주 잘 됩니다 제조일자가 2021년 3월이라 한달도 안된 제품인 걸 보고 놀랐어요 다만 배송은 코스트코를 거치다 보니 며칠 더 걸리는 건 감안해야 했습니다,1,0
193,193,4,저도 뽑기운이 없나봐요 오늘 받자마자 설레는 맘으로 연결을 했는데 한쪽 이어폰 연결이 안되는 불량품이더라구요ㅠ 네이버에 검색해보니 갤럭시버즈플러스 자체가 이런 문제가 많은가봐요 판매자는 해줄 수 있는게 없겠구나 싶었어요 서비스센터로 가야한다길래 짜증이 차오르던 찰나 친구가 과방전되면 연결불량이 생긴다는 얘기를 해주더라구요 그래서 연결시켜놓고 한참 기다리니까 충전이 되기 시작했어요 하마터면 서비스센터 가서 시간 날리고 이 무더위에 짜증날뻔 했는데 해결돼서 다행이에요ㅠㅠ 첨에 연결 안된다고 포기하지 마시고 충전기 꽂아두고 쭉 기다려보시거나 손으로 꾹 눌러서 압력을 주면 접촉이 된다는 얘기도 있으니 최대한 시도해보세요 서비스센터 가지 않고도 이 방법으로 해결한분들 꽤 많던데 이 제품 리뷰보니까 모르시고 서비스센터가는분들이 많은거 같아서 오지랖으로 길게 리뷰 남겨봅니다 한번 해결된 이후로는 계속 잘 연결된다고 하니 저도 그러길 바랄뿐이에요ㅠㅠ 되기 시작하는거 캡처해놨는데 네이버에서 직접 찍은 사진 아니라고 업로드 안되게 해놨네요아무튼 혹시 제 댓글 읽으시는 분들은 참고하시고 도움이 되셨으면 좋겠어요,1,0
194,194,5,처음으로 무선이어폰을 사용해봐서 많은 후기들을 봤고 연결이 잘 안돼서 고객센터를 갔다는 후기를 많이 봐서 걱정을 했었는데 바로 연결이 되었음3월인가 초반에 만든 제품이 불량이 있다는 걸 봐서 그게 올까 봐 걱정도 했는데 다행히 11월에 만든 제품이 옴결론은 다행히 잘 연결이 되었고 오래 잘 사용할 수 있겠다는 생각을 함,1,0
199,199,5,이어폰을 사용하다보니 불편해서 무선 이어폰을 알아보던중에 비즈플러스 성능기능이나 사용후기가 괜찮더라구요 그래서 큰마음 먹고 얼능 주문해서 받았는데 넘 기분이 좋았어요 저는 화이트고요 저희 신랑은 연한 블루 하늘색인데요 화이트는 화이트데로 하늘색은 하늘색데로 넘 예뻐서 색사에 한번 반했구요 또한번은 성능에 반했어요통화하면 성능도 좋구요영화나 음악 들을때 음질이 좋아요이어폰 사용하다가 ~~,1,0
